frame,minimap_x_ratio,minimap_y_ratio,move_dir,target,champions,minions,towers
23700,0.434,0.825,STOPPED,NONE,"Garen,977,396,100.0,Blue","Blue Caster,1778,254,0.0,Blue",
23703,0.434,0.825,STOPPED,NONE,"Garen,973,396,100.0,Blue","Blue Caster,1638,308,0.0,Blue|Blue Caster,1800,272,92.3,Blue",
23706,0.441,0.811,0,NONE,"Garen,971,397,99.2,Blue","Blue Caster,1659,326,0.0,Blue|Blue Caster,1817,294,0.0,Blue",
23709,0.441,0.808,STOPPED,NONE,,"Blue Caster,1841,315,0.0,Blue|Blue Caster,1681,350,0.0,Blue",
23712,0.441,0.804,STOPPED,NONE,,"Blue Caster,1861,338,0.0,Blue|Blue Caster,1706,374,0.0,Blue",
23715,0.441,0.804,STOPPED,NONE,"Garen,968,400,100.0,Blue","Blue Caster,1879,354,0.0,Blue|Blue Caster,1728,396,0.0,Blue",
23718,0.444,0.801,STOPPED,NONE,"Garen,968,415,100.0,Blue",,
23721,0.441,0.794,STOPPED,NONE,"Garen,969,414,100.0,Blue","Blue Caster,1789,451,0.0,Blue",
23724,0.441,0.790,75,NONE,,,
23727,0.441,0.787,STOPPED,NONE,"UNKNOWN,1681,230,100.0,Blue",,"BlueTower,1622,197,0.0,Blue"
23730,0.441,0.783,STOPPED,NONE,"UNKNOWN,1678,229,100.0,Blue",,"BlueTower,1627,214,0.0,Blue"
23733,0.441,0.780,STOPPED,NONE,,,
23736,0.444,0.776,STOPPED,NONE,,,
23739,0.444,0.773,150,NONE,"Garen,971,412,100.0,Blue","Blue Caster,1604,71,100.0,Blue","BlueTower,1636,297,100.0,Blue"
23742,0.444,0.769,STOPPED,NONE,,"Blue Caster,1611,79,100.0,Blue","BlueTower,1632,337,100.0,Blue"
23745,0.444,0.766,STOPPED,NONE,,"Blue Caster,1619,93,100.0,Blue","BlueTower,1635,373,100.0,Blue"
23748,0.444,0.762,STOPPED,NONE,,"Blue Caster,1623,105,0.0,Blue|Blue Caster,1004,68,3.2,Blue","BlueTower,1638,411,0.0,Blue"
23751,0.448,0.759,STOPPED,NONE,,"Blue Caster,1632,120,100.0,Blue|Blue Caster,997,76,0.0,Blue",
23754,0.448,0.755,STOPPED,NONE,,"Blue Caster,991,87,0.0,Blue|Blue Caster,1636,131,100.0,Blue|Blue Caster,1669,48,0.0,Blue",
23757,0.451,0.752,165,NONE,,"Blue Caster,984,99,0.0,Blue|Blue Caster,1675,60,0.0,Blue",
23760,0.451,0.748,STOPPED,NONE,,"Blue Caster,1676,74,0.0,Blue|Blue Caster,1637,154,0.0,Blue",
23763,0.451,0.745,150,NONE,,"Blue Caster,964,114,0.0,Blue|Blue Caster,1639,167,0.0,Blue|Blue Caster,1672,76,0.0,Blue",
23766,0.455,0.741,270,NONE,,"Blue Caster,1676,86,0.0,Blue|Blue Caster,957,119,0.0,Blue|Blue Caster,1639,177,0.0,Blue",
23769,0.455,0.738,90,NONE,,"Blue Caster,1675,96,0.0,Blue|Blue Caster,944,128,0.0,Blue|Blue Caster,1640,188,0.0,Blue",
23772,0.458,0.734,90,NONE,,"Blue Caster,936,138,0.0,Blue|Blue Caster,1642,201,0.0,Blue|Blue Caster,1677,107,0.0,Blue",
23775,0.458,0.731,75,NONE,,"Blue Caster,926,149,0.0,Blue|Blue Caster,1676,118,0.0,Blue|Blue Caster,1640,215,0.0,Blue",
23778,0.462,0.727,45,NONE,,"Blue Caster,1641,227,0.0,Blue|Blue Caster,914,154,0.0,Blue|Blue Caster,936,51,0.0,Blue",
23781,0.462,0.724,30,NONE,,"Blue Caster,905,166,0.0,Blue|Blue Caster,1678,141,0.0,Blue|Blue Caster,1640,237,0.0,Blue|Blue Caster,1734,59,0.0,Blue|Blue Caster,928,57,0.0,Blue",
23784,0.465,0.720,300,NONE,"Garen,980,422,100.0,Blue","Blue Caster,1642,247,0.0,Blue|Blue Caster,893,172,0.0,Blue|Blue Caster,1746,69,87.5,Blue|Blue Caster,910,65,0.0,Blue",
23787,0.465,0.720,330,NONE,"Garen,979,428,100.0,Blue","Blue Caster,1645,254,0.0,Blue|Blue Caster,1747,75,0.0,Blue|Blue Caster,898,68,0.0,Blue",
23790,0.465,0.717,90,NONE,"Garen,981,422,100.0,Blue","Blue Caster,1678,162,0.0,Blue|Blue Caster,1755,83,0.0,Blue|Blue Caster,1648,264,90.6,Blue",
23793,0.465,0.717,315,NONE,"Garen,982,423,95.9,Blue","Blue Caster,1677,172,0.0,Blue|Blue Caster,1649,272,0.0,Blue|Blue Caster,859,190,72.4,Blue|Blue Caster,876,77,7.9,Blue|Blue Caster,1761,97,0.0,Blue",
23796,0.465,0.717,75,NONE,"Garen,982,423,100.0,Blue","Blue Caster,1651,282,0.0,Blue|Blue Caster,1766,104,0.0,Blue|Blue Caster,862,80,0.0,Blue|Blue Caster,847,194,9.2,Blue",
23799,0.472,0.706,270,NONE,"Garen,979,427,99.2,Blue","Blue Caster,1681,187,0.0,Blue|Blue Caster,1772,117,0.0,Blue|Blue Caster,839,199,90.2,Blue|Blue Caster,1654,292,0.0,Blue|Blue Caster,850,88,0.0,Blue","BlueInhibitor,1812,219,0.0,Blue"
23802,0.472,0.706,120,NONE,"Garen,980,431,100.0,Blue|Ezreal,956,521,100.0,Blue","Blue Caster,1683,200,0.0,Blue|Blue Caster,1659,304,0.0,Blue|Blue Caster,824,205,0.0,Blue|Blue Caster,1776,125,0.0,Blue|Blue Caster,841,91,100.0,Blue","BlueTower,1034,749,49.2,Blue"
23805,0.472,0.706,15,NONE,"Garen,981,424,97.7,Blue","Blue Caster,1785,135,0.0,Blue|Blue Cannon,1862,65,0.0,Blue|Blue Caster,1662,314,0.0,Blue|Blue Caster,807,208,0.0,Blue|Blue Caster,832,96,0.0,Blue","BlueInhibitor,1824,253,0.0,Blue"
23808,0.472,0.706,105,NONE,"Garen,978,429,100.0,Blue","Blue Caster,1699,215,0.0,Blue|Blue Caster,1793,141,0.0,Blue|Blue Cannon,1867,76,0.0,Blue|Blue Caster,792,213,0.0,Blue|Blue Caster,1667,320,0.0,Blue","BlueInhibitor,1817,265,0.0,Blue"
23811,0.472,0.706,240,NONE,"Garen,979,429,99.2,Blue","Blue Caster,807,100,0.0,Blue|Blue Caster,1672,335,0.0,Blue|Blue Caster,1706,226,0.0,Blue|Blue Cannon,1868,84,0.0,Blue|Blue Caster,783,213,0.0,Blue|Blue Caster,1801,152,0.0,Blue","BlueInhibitor,1815,270,0.0,Blue"
23814,0.472,0.706,90,NONE,"Garen,979,434,99.2,Blue","Blue Caster,1809,159,0.0,Blue|Blue Caster,798,102,0.0,Blue|Blue Caster,1709,235,0.0,Blue|Blue Caster,766,219,100.0,Blue","BlueInhibitor,1810,301,0.0,Blue"
23817,0.472,0.706,195,NONE,"Garen,980,422,99.2,Blue","Blue Caster,788,109,0.0,Blue|Blue Caster,1716,247,0.0,Blue|Blue Caster,1680,354,0.0,Blue|Blue Caster,756,226,0.0,Blue","BlueInhibitor,1815,320,17.7,Blue"
23820,0.472,0.706,285,NONE,"Garen,981,424,99.2,Blue","Blue Caster,774,115,0.0,Blue|Blue Caster,1722,257,0.0,Blue|Blue Caster,742,232,0.0,Blue|Blue Caster,1816,181,0.0,Blue|Blue Cannon,1879,109,0.0,Blue","BlueInhibitor,1813,346,0.0,Blue"
23823,0.472,0.706,15,NONE,"Garen,980,435,96.6,Blue","Blue Caster,1728,269,0.0,Blue|Blue Caster,1825,193,0.0,Blue|Blue Caster,1695,377,0.0,Blue|Blue Caster,763,117,0.0,Blue","BlueInhibitor,1811,401,0.0,Blue"
23826,0.472,0.706,STOPPED,NONE,"Garen,978,428,96.6,Blue","Blue Caster,1699,384,64.5,Blue|Blue Caster,1834,202,65.6,Blue|Blue Caster,713,235,0.0,Blue",
23829,0.472,0.706,105,NONE,"Garen,979,424,97.1,Blue","Blue Caster,1744,289,0.0,Blue|Blue Cannon,1884,153,0.0,Blue|Blue Caster,1840,209,77.0,Blue|Blue Caster,702,244,0.0,Blue","BlueInhibitor,1794,453,0.0,Blue"
23832,0.472,0.706,135,NONE,"Garen,981,421,99.1,Blue","Blue Caster,1753,299,0.0,Blue|Blue Caster,1848,217,0.0,Blue|Blue Caster,1712,400,0.0,Blue","BlueInhibitor,1788,487,0.0,Blue"
23835,0.252,0.843,300,NONE,"Garen,977,429,100.0,Blue","Blue Caster,675,251,83.6,Blue|Blue Caster,1855,229,0.0,Blue|Blue Caster,1714,415,0.0,Blue","BlueInhibitor,1787,507,0.0,Blue"
23838,0.259,0.808,STOPPED,NONE,"Garen,978,433,98.2,Blue","Blue Caster,666,249,0.0,Blue|Blue Caster,1766,320,0.0,Blue|Blue Caster,695,136,62.3,Blue|Blue Caster,1720,425,0.0,Blue","BlueInhibitor,1791,530,0.0,Blue"
23841,0.262,0.808,90,NONE,"Garen,977,437,99.1,Blue","Blue Caster,1774,331,0.0,Blue|Blue Caster,1729,433,0.0,Blue|Blue Caster,1865,250,100.0,Blue|Blue Caster,683,143,0.0,Blue","BlueInhibitor,1787,552,0.0,Blue"
23844,0.262,0.804,75,NONE,"Garen,980,424,100.0,Blue","Blue Caster,1780,344,0.0,Blue|Blue Caster,668,147,0.0,Blue|Blue Caster,1870,260,0.0,Blue|Blue Caster,1730,447,68.4,Blue","BlueInhibitor,1783,578,0.0,Blue"
23847,0.262,0.801,90,NONE,"Garen,981,418,100.0,Blue","Blue Caster,1740,459,0.0,Blue|Blue Caster,1790,355,0.0,Blue|Blue Caster,653,149,0.0,Blue|Blue Caster,1875,271,90.2,Blue|Blue Caster,623,265,0.0,Blue","BlueInhibitor,1771,572,0.0,Blue"
23850,0.262,0.797,105,NONE,"Garen,979,423,92.9,Blue","Blue Caster,1800,364,0.0,Blue|Blue Caster,613,270,0.0,Blue|Blue Caster,1747,473,0.0,Blue|Blue Caster,639,153,0.0,Blue|Blue Caster,660,46,0.0,Blue",
23853,0.262,0.797,270,NONE,"Garen,977,422,92.9,Blue","Blue Caster,601,278,0.0,Blue|Blue Caster,1761,487,0.0,Blue|Blue Caster,645,52,63.3,Blue|Blue Caster,1804,373,0.0,Blue",
23856,0.266,0.794,75,NONE,"Garen,977,424,100.0,Blue","Blue Caster,587,279,100.0,Blue|Blue Caster,1811,382,0.0,Blue|Blue Caster,610,150,0.0,Blue|Blue Caster,1891,293,0.0,Blue|Blue Caster,635,57,21.3,Blue",
23859,0.266,0.790,30,NONE,"Garen,977,431,100.0,Blue","Blue Caster,1788,518,0.0,Blue|Blue Caster,620,60,0.0,Blue|Blue Caster,600,159,0.0,Blue|Blue Caster,1820,394,0.0,Blue",
23862,0.266,0.787,STOPPED,NONE,"Garen,978,430,100.0,Blue","Blue Caster,584,166,0.0,Blue|Blue Caster,1791,532,0.0,Blue|Blue Caster,1835,404,0.0,Blue|Blue Caster,562,283,0.0,Blue",
23865,0.266,0.787,STOPPED,NONE,"Garen,978,425,100.0,Blue","Blue Caster,1807,547,0.0,Blue|Blue Caster,593,67,0.0,Blue|Blue Caster,572,169,32.2,Blue|Blue Caster,1840,417,0.0,Blue",
23868,0.266,0.783,90,NONE,"Garen,977,435,99.1,Blue","Blue Caster,557,173,0.0,Blue|Blue Caster,1813,559,0.0,Blue|Blue Caster,1846,430,0.0,Blue|Blue Caster,575,63,0.0,Blue",
23871,0.266,0.780,45,NONE,"Garen,978,419,100.0,Blue","Blue Caster,543,174,0.0,Blue|Blue Caster,1827,568,0.0,Blue|Blue Caster,1852,439,0.0,Blue|Blue Caster,521,290,0.0,Blue",
23874,0.269,0.776,285,NONE,"Garen,977,414,98.4,Blue","Blue Caster,529,175,0.0,Blue|Blue Caster,511,298,0.0,Blue|Blue Caster,1840,592,0.0,Blue|Blue Caster,1866,449,0.0,Blue",
23877,0.269,0.776,STOPPED,NONE,"Garen,977,427,97.5,Blue","Blue Caster,1852,596,0.0,Blue|Blue Caster,1870,458,0.0,Blue|Blue Caster,536,74,0.0,Blue",
23880,0.269,0.773,315,NONE,"Garen,977,428,99.2,Blue","Blue Caster,482,298,75.0,Blue|Blue Caster,523,81,0.0,Blue|Blue Caster,1851,609,0.0,Blue",
23883,0.269,0.769,STOPPED,NONE,"Garen,976,436,100.0,Blue","Blue Caster,473,306,0.0,Blue|Blue Caster,490,182,0.0,Blue|Blue Caster,509,86,0.0,Blue",
23886,0.269,0.769,315,NONE,"Garen,977,423,98.3,Blue","Blue Caster,476,184,0.0,Blue|Blue Caster,461,310,0.0,Blue|Blue Caster,1883,492,0.0,Blue",
23889,0.273,0.766,STOPPED,NONE,"Garen,977,435,98.3,Blue","Blue Caster,464,187,0.0,Blue|Blue Caster,448,316,0.0,Blue|Blue Caster,1812,627,14.8,Blue|Blue Caster,481,86,0.0,Blue",
23892,0.273,0.762,45,NONE,"Garen,977,428,98.3,Blue","Blue Caster,447,191,0.0,Blue|Blue Caster,1801,655,0.0,Blue|Blue Caster,468,79,70.7,Blue",
23895,0.273,0.762,STOPPED,NONE,"Garen,976,424,98.1,Blue","Blue Caster,434,192,94.5,Blue|Blue Caster,1797,658,0.0,Blue|Blue Caster,455,88,67.2,Blue",
23898,0.276,0.759,270,NONE,"Garen,977,430,100.0,Blue","Blue Caster,422,195,0.0,Blue|Blue Caster,442,99,0.0,Blue|Blue Caster,401,321,0.0,Blue",
23901,0.276,0.755,120,NONE,"Garen,976,432,100.0,Blue","Blue Caster,409,200,0.0,Blue|Blue Caster,388,324,98.3,Blue|Blue Caster,429,99,0.0,Blue",
23904,0.276,0.755,345,NONE,,"Blue Caster,373,322,0.0,Blue|Blue Caster,417,101,85.5,Blue",
23907,0.280,0.752,0,NONE,"Garen,975,427,100.0,Blue|UNKNOWN,65,436,100.0,Blue","Blue Caster,360,325,0.0,Blue|Blue Caster,383,201,22.4,Blue|Blue Caster,404,106,0.0,Blue",
23910,0.280,0.748,300,NONE,"Garen,973,429,99.2,Blue|UNKNOWN,52,459,100.0,Blue","Blue Caster,393,113,0.0,Blue|Blue Caster,370,202,0.0,Blue",
23913,0.280,0.748,15,NONE,"Garen,973,422,100.0,Blue","Blue Caster,382,112,0.0,Blue|Blue Caster,353,204,0.0,Blue|Blue Caster,333,327,0.0,Blue",
23916,0.280,0.745,300,NONE,"Garen,975,419,100.0,Blue","Blue Caster,320,331,0.0,Blue|Blue Caster,371,117,0.0,Blue|Blue Caster,344,204,0.0,Blue",
23919,0.283,0.741,270,NONE,"Garen,977,421,100.0,Blue","Blue Caster,306,333,0.0,Blue|Blue Caster,359,127,0.0,Blue|Blue Caster,326,205,0.0,Blue",
23922,0.283,0.741,STOPPED,NONE,"Garen,978,430,100.0,Blue","Blue Caster,293,331,0.0,Blue|Blue Caster,348,126,0.0,Blue",
23925,0.283,0.738,315,NONE,,"Blue Caster,280,332,0.0,Blue|Blue Caster,304,211,0.0,Blue|Blue Caster,331,124,82.8,Blue",
23928,0.287,0.738,315,NONE,"Garen,977,421,98.3,Blue","Blue Caster,267,333,0.0,Blue|Blue Caster,294,218,0.0,Blue|Blue Caster,321,128,0.0,Blue",
23931,0.287,0.734,315,NONE,"Garen,978,424,99.1,Blue","Blue Caster,252,336,0.0,Blue|Blue Caster,282,220,0.0,Blue",
23934,0.287,0.731,315,NONE,,"Blue Caster,237,332,0.0,Blue|Blue Caster,295,128,0.0,Blue|Blue Caster,270,225,0.0,Blue",
23937,0.290,0.731,315,NONE,,"Blue Caster,260,225,0.0,Blue|Blue Caster,284,127,0.0,Blue|Blue Caster,220,331,83.6,Blue",
23940,0.290,0.727,270,NONE,"Garen,976,428,100.0,Blue","Blue Caster,207,331,0.0,Blue|Blue Caster,246,230,15.5,Blue",
23943,0.290,0.727,315,NONE,"Garen,974,429,96.6,Blue","Blue Caster,234,227,0.0,Blue|Blue Caster,199,337,0.0,Blue|Blue Caster,258,126,0.0,Blue",
23946,0.290,0.724,345,NONE,,"Blue Caster,187,337,0.0,Blue|Blue Caster,227,229,0.0,Blue",
23949,0.290,0.720,330,NONE,,"Blue Caster,244,128,0.0,Blue|Blue Caster,220,235,73.3,Blue",
23952,0.294,0.720,300,NONE,,"Blue Caster,238,132,100.0,Blue|Blue Caster,175,350,0.0,Blue",
23955,0.294,0.717,270,NONE,"Garen,963,430,98.4,Blue","Blue Caster,171,356,0.0,Blue|Blue Caster,233,133,0.0,Blue",
23958,0.294,0.713,285,NONE,"Garen,964,421,100.0,Blue","Blue Caster,164,361,0.0,Blue|Blue Caster,228,134,0.0,Blue|Blue Caster,199,242,0.0,Blue",
23961,0.294,0.713,345,NONE,,"Blue Caster,162,367,26.7,Blue|Blue Caster,224,138,0.0,Blue|Blue Cannon,242,39,0.0,Blue",
23964,0.294,0.710,345,NONE,"Garen,962,432,100.0,Blue","Blue Caster,188,242,0.0,Blue|Blue Caster,158,374,0.0,Blue|Blue Caster,214,138,0.0,Blue",
23967,0.294,0.706,STOPPED,NONE,"Garen,961,439,100.0,Blue","Blue Caster,182,245,0.0,Blue|Blue Caster,212,139,0.0,Blue",
23970,0.294,0.706,345,NONE,"Garen,961,442,100.0,Blue","Blue Caster,208,143,0.0,Blue|Blue Caster,180,246,0.0,Blue|Blue Caster,145,369,0.0,Blue",
23973,0.294,0.703,STOPPED,NONE,"Garen,960,440,98.4,Blue","Blue Caster,172,251,0.0,Blue|Blue Caster,203,148,0.0,Blue|Blue Caster,141,377,0.0,Blue",
23976,0.294,0.699,STOPPED,NONE,"Garen,960,435,98.4,Blue","Blue Caster,134,379,0.0,Blue|Blue Caster,199,151,0.0,Blue",
23979,0.294,0.699,330,NONE,"Garen,963,439,98.4,Blue","Blue Caster,162,258,0.0,Blue|Blue Caster,129,383,0.0,Blue|Blue Caster,194,151,0.0,Blue",
23982,0.294,0.696,STOPPED,NONE,,"Blue Caster,122,391,48.4,Blue|Blue Caster,182,148,0.0,Blue|Blue Caster,156,260,0.0,Blue",
23985,0.294,0.692,15,NONE,"Garen,962,435,96.8,Blue","Blue Caster,115,397,0.0,Blue",
23988,0.294,0.689,STOPPED,NONE,"Garen,961,431,96.1,Blue","Blue Caster,110,396,0.0,Blue",
23991,0.294,0.689,STOPPED,NONE,"Garen,960,441,96.0,Blue","Blue Caster,168,161,0.0,Blue|Blue Caster,103,394,0.0,Blue",
23994,0.294,0.685,STOPPED,NONE,"Garen,960,444,96.0,Blue","Blue Caster,161,162,75.8,Blue|Blue Caster,131,264,0.0,Blue|Blue Caster,97,395,0.0,Blue",
23997,0.297,0.682,STOPPED,NONE,"Garen,962,442,96.0,Blue","Blue Caster,156,165,0.0,Blue|Blue Caster,128,269,79.3,Blue|Blue Caster,90,398,0.0,Blue",
24000,0.297,0.682,STOPPED,NONE,"Garen,961,437,96.0,Blue","Blue Caster,151,167,0.0,Blue|Blue Caster,124,273,0.0,Blue|Blue Caster,85,399,0.0,Blue",
24003,0.297,0.678,285,NONE,"Garen,963,439,100.0,Blue","Blue Caster,116,275,0.0,Blue|Blue Caster,144,167,0.0,Blue|Blue Caster,78,401,0.0,Blue|Blue Cannon,172,57,0.0,Blue",
24006,0.297,0.675,STOPPED,NONE,,"Blue Caster,109,275,0.0,Blue|Blue Caster,74,407,0.0,Blue|Blue Caster,140,165,0.0,Blue|Blue Cannon,166,60,0.0,Blue",
24009,0.297,0.675,0,NONE,"Garen,961,431,96.8,Blue","Blue Caster,136,167,0.0,Blue|Blue Caster,67,407,0.0,Blue|Blue Melee,162,61,0.0,Blue",
24012,0.297,0.671,STOPPED,NONE,"Garen,961,433,96.7,Blue","Blue Caster,131,169,0.0,Blue|Blue Caster,63,409,0.0,Blue|Blue Melee,163,63,0.0,Blue",
24015,0.297,0.668,STOPPED,NONE,"Garen,961,438,95.2,Blue","Blue Caster,93,280,0.0,Blue|Blue Caster,56,413,0.0,Blue|Blue Caster,126,174,0.0,Blue|Blue Melee,158,62,0.0,Blue",
24018,0.297,0.668,330,NONE,"Garen,960,442,96.0,Blue","Blue Melee,156,65,0.0,Blue|Blue Caster,51,416,0.0,Blue|Blue Caster,119,176,0.0,Blue",
24021,0.297,0.664,330,NONE,"Garen,962,442,100.0,Blue","Blue Caster,46,417,0.0,Blue|Blue Caster,112,180,0.0,Blue|Blue Melee,155,67,0.0,Blue",
24024,0.297,0.661,345,NONE,,"Blue Caster,70,292,0.0,Blue|Blue Caster,43,423,0.0,Blue",
24027,0.297,0.661,330,NONE,,"Blue Caster,103,186,0.0,Blue|Blue Caster,68,292,0.0,Blue",
24030,0.297,0.657,90,NONE,,"Blue Caster,95,182,0.0,Blue",
24033,0.297,0.654,330,NONE,,"Blue Caster,91,186,0.0,Blue|Blue Caster,59,293,0.0,Blue|Blue Caster,32,433,0.0,Blue",
24036,0.297,0.654,90,NONE,,"Blue Caster,89,186,0.0,Blue|Blue Caster,55,297,0.0,Blue",
24039,0.297,0.650,STOPPED,NONE,"Garen,958,432,96.0,Blue","Blue Caster,88,190,0.0,Blue|Blue Caster,48,300,0.0,Blue",
24042,0.301,0.647,270,NONE,"Garen,960,438,98.4,Blue","Blue Caster,84,193,0.0,Blue|Blue Caster,42,306,67.8,Blue",
24045,0.301,0.647,15,NONE,,"Blue Caster,81,190,0.0,Blue|Blue Caster,41,311,0.0,Blue",
24048,0.301,0.643,STOPPED,NONE,"Garen,961,432,100.0,Blue|UNKNOWN,88,231,100.0,Blue","Blue Caster,78,197,0.0,Blue",
24051,0.301,0.640,STOPPED,NONE,,"Blue Caster,75,192,80.6,Blue",
24054,0.301,0.640,STOPPED,NONE,,"Blue Caster,72,201,0.0,Blue|Blue Caster,35,320,0.0,Blue",
24057,0.301,0.636,STOPPED,NONE,"Garen,962,434,99.2,Blue",,
24060,0.301,0.633,90,NONE,"Garen,960,430,100.0,Blue",,
24063,0.301,0.633,270,NONE,"Garen,960,433,100.0,Blue",,
24066,0.301,0.629,STOPPED,NONE,,"Blue Cannon,114,96,46.0,Blue","BlueTower,157,278,46.0,Blue"
24069,0.301,0.626,STOPPED,NONE,"Garen,962,438,100.0,Blue",,"BlueTower,154,295,0.0,Blue"
24072,0.301,0.626,STOPPED,NONE,"Garen,962,431,100.0,Blue",,"BlueTower,151,312,0.0,Blue"
24075,0.301,0.622,STOPPED,NONE,,,"BlueTower,147,334,0.0,Blue"
24078,0.301,0.619,STOPPED,NONE,"Garen,963,427,99.2,Blue","Blue Melee,103,98,0.0,Blue","BlueTower,144,350,0.0,Blue"
24081,0.301,0.619,STOPPED,NONE,"Garen,961,439,100.0,Blue|UNKNOWN,71,391,100.0,Blue","Blue Melee,104,103,0.0,Blue","BlueTower,137,379,0.0,Blue"
24084,0.301,0.615,STOPPED,NONE,"Garen,962,438,99.2,Blue|UNKNOWN,61,413,100.0,Blue","Blue Melee,100,105,0.0,Blue","BlueTower,130,396,0.0,Blue"
24087,0.304,0.612,STOPPED,NONE,,"Blue Cannon,94,109,0.0,Blue|Blue Caster,44,228,0.0,Blue",
24090,0.304,0.612,STOPPED,NONE,,"Blue Cannon,91,110,0.0,Blue|Blue Caster,40,230,0.0,Blue",
24093,0.304,0.608,STOPPED,NONE,,"Blue Cannon,88,112,0.0,Blue|Blue Caster,38,238,0.0,Blue",
24096,0.304,0.605,STOPPED,NONE,"Garen,962,434,100.0,Blue","Blue Cannon,87,121,0.0,Blue",
24099,0.304,0.605,270,NONE,"Garen,962,431,96.8,Blue","Blue Cannon,84,119,0.0,Blue",
24102,0.304,0.601,STOPPED,NONE,,"Blue Cannon,81,117,0.0,Blue",
24105,0.304,0.598,330,NONE,"Garen,960,436,96.0,Blue",,
24108,0.304,0.598,STOPPED,NONE,"Garen,962,434,96.8,Blue","Blue Cannon,76,122,0.0,Blue",
24111,0.304,0.594,315,NONE,"Garen,960,440,98.4,Blue","Blue Cannon,73,125,0.0,Blue",
24114,0.304,0.591,STOPPED,NONE,"Garen,961,443,98.4,Blue","Blue Caster,31,250,0.0,Blue",
24117,0.304,0.591,STOPPED,NONE,"Garen,962,444,99.2,Blue","Blue Melee,67,127,0.0,Blue",
24120,0.304,0.587,30,NONE,"Garen,969,444,97.6,Blue","Blue Melee,65,127,0.0,Blue",
24123,0.308,0.584,150,NONE,,"Blue Melee,59,126,0.0,Blue",
24126,0.308,0.584,135,NONE,"Garen,971,447,98.4,Blue","Blue Melee,53,128,0.0,Blue",
24129,0.308,0.580,120,NONE,"Garen,972,439,100.0,Blue",,
24132,0.308,0.580,STOPPED,NONE,"Garen,971,435,100.0,Blue",,
24135,0.311,0.577,STOPPED,NONE,"Garen,972,445,100.0,Blue",,
24138,0.311,0.573,STOPPED,NONE,"Garen,974,445,99.1,Blue","Blue Cannon,34,127,48.9,Blue",
24141,0.311,0.573,STOPPED,NONE,"Garen,974,446,98.4,Blue","Blue Melee,35,130,0.0,Blue",
24144,0.311,0.570,STOPPED,NONE,"Garen,974,444,98.4,Blue","Blue Melee,34,132,0.0,Blue",
24147,0.315,0.570,STOPPED,NONE,"Garen,973,446,97.7,Blue","Blue Melee,59,44,0.0,Blue",
24150,0.315,0.566,STOPPED,NONE,"Garen,973,443,98.4,Blue",,
24153,0.315,0.563,STOPPED,NONE,"Garen,972,442,98.4,Blue",,
24156,0.315,0.563,STOPPED,NONE,"Garen,973,439,97.6,Blue",,
24159,0.318,0.559,STOPPED,NONE,"Garen,973,446,98.4,Blue",,
24162,0.318,0.556,135,NONE,"Garen,974,446,98.4,Blue",,
24165,0.318,0.556,STOPPED,NONE,"Garen,975,446,98.4,Blue",,
24168,0.322,0.552,STOPPED,NONE,"Garen,974,441,98.4,Blue",,
24171,0.322,0.552,STOPPED,NONE,"Garen,974,449,97.6,Blue",,
24174,0.322,0.549,STOPPED,NONE,"Garen,973,442,98.4,Blue",,
24177,0.322,0.545,STOPPED,NONE,"Garen,973,441,98.4,Blue",,
24180,0.325,0.545,STOPPED,NONE,"Garen,974,441,98.3,Blue|UNKNOWN,1413,475,100.0,Red",,
24183,0.325,0.542,90,NONE,"Garen,972,447,98.3,Blue|UNKNOWN,1409,497,100.0,Red",,
24186,0.325,0.538,STOPPED,NONE,"Garen,973,445,100.0,Blue|UNKNOWN,1402,517,100.0,Red",,
24189,0.325,0.538,STOPPED,NONE,"Garen,973,446,100.0,Blue",,
24192,0.329,0.535,STOPPED,NONE,"Garen,974,444,100.0,Blue|Aatrox,1328,432,23.1,Red",,
24195,0.329,0.535,STOPPED,NONE,"Garen,972,450,100.0,Blue|Aatrox,1328,432,23.1,Red",,
24198,0.329,0.531,STOPPED,NONE,"Garen,974,441,100.0,Blue",,
24201,0.329,0.528,STOPPED,NONE,"Garen,975,440,100.0,Blue",,
24204,0.332,0.528,STOPPED,NONE,"Garen,975,443,100.0,Blue|Aatrox,1328,432,23.1,Red",,
24207,0.332,0.524,STOPPED,NONE,"Garen,976,450,100.0,Blue|Aatrox,1328,432,23.1,Red",,
24210,0.332,0.521,STOPPED,NONE,"Garen,974,445,100.0,Blue|Aatrox,1328,432,23.1,Red",,
24213,0.336,0.521,STOPPED,NONE,"Garen,975,443,100.0,Blue|Aatrox,1328,432,23.1,Red",,
24216,0.336,0.517,STOPPED,NONE,"Garen,975,445,100.0,Blue",,
24219,0.336,0.517,STOPPED,NONE,"Garen,968,430,97.7,Blue",,
24222,0.336,0.514,STOPPED,NONE,"Garen,965,435,97.7,Blue",,
24225,0.336,0.510,0,NONE,"Garen,964,431,99.2,Blue",,
24228,0.336,0.510,0,NONE,"Garen,962,439,99.2,Blue",,
24231,0.336,0.507,STOPPED,NONE,"Garen,960,444,98.4,Blue",,
24234,0.336,0.503,STOPPED,NONE,"Garen,960,444,98.4,Blue",,
24237,0.336,0.503,STOPPED,NONE,"Garen,961,439,98.4,Blue|UNKNOWN,1332,933,100.0,Red",,
24240,0.336,0.500,STOPPED,NONE,"Garen,963,435,98.4,Blue",,
24243,0.336,0.497,STOPPED,NONE,"Garen,964,426,97.6,Blue",,
24246,0.336,0.497,90,NONE,"Garen,963,437,98.4,Blue",,
24249,0.339,0.493,90,NONE,,,
24252,0.339,0.490,90,NONE,,,
24255,0.339,0.490,STOPPED,NONE,,,
24258,0.339,0.486,90,NONE,,,
24261,0.339,0.483,STOPPED,NONE,,,
24264,0.339,0.479,STOPPED,NONE,"Garen,962,424,99.2,Blue",,
24267,0.339,0.479,STOPPED,NONE,,,
24270,0.339,0.476,345,NONE,,,
24273,0.339,0.472,STOPPED,NONE,,,
24276,0.339,0.472,270,NONE,,,
24279,0.339,0.469,STOPPED,NONE,,,
24282,0.339,0.465,270,NONE,"Garen,961,442,100.0,Blue",,
24285,0.339,0.465,STOPPED,NONE,"Garen,961,433,100.0,Blue",,
24288,0.339,0.462,STOPPED,NONE,"Garen,961,438,99.2,Blue",,
24291,0.339,0.458,STOPPED,NONE,"Garen,963,441,100.0,Blue",,
24294,0.339,0.458,STOPPED,NONE,"Garen,968,451,96.1,Blue",,
24297,0.339,0.455,240,NONE,"Garen,966,444,96.1,Blue",,
24300,0.339,0.455,270,NONE,"Garen,964,451,93.8,Blue",,
24303,0.343,0.451,270,NONE,"Garen,964,454,96.9,Blue",,
24306,0.343,0.448,270,NONE,"Garen,965,456,99.2,Blue",,
24309,0.343,0.448,270,NONE,"Garen,963,451,96.9,Blue",,
24312,0.343,0.444,270,NONE,,,
24315,0.343,0.441,STOPPED,NONE,"Garen,965,454,98.4,Blue",,
24318,0.343,0.441,STOPPED,NONE,"Garen,968,464,97.6,Blue",,
24321,0.343,0.437,STOPPED,NONE,"Garen,967,465,94.3,Blue",,
24324,0.346,0.434,270,NONE,"Garen,967,477,95.8,Blue",,
24327,0.346,0.434,STOPPED,NONE,"Garen,969,485,98.3,Blue",,
24330,0.346,0.430,270,NONE,"Garen,971,485,96.4,Blue",,
24333,0.346,0.427,270,NONE,,,
24336,0.346,0.427,STOPPED,NONE,,,
24339,0.346,0.423,STOPPED,NONE,,,
24342,0.346,0.420,225,NONE,"Garen,969,486,100.0,Blue",,
24345,0.350,0.420,STOPPED,NONE,,,
24348,0.350,0.416,270,NONE,,,
24351,0.350,0.413,STOPPED,NONE,,,
24354,0.350,0.413,270,NONE,"Garen,965,485,98.4,Blue",,
24357,0.350,0.409,STOPPED,NONE,,,
24360,0.350,0.406,STOPPED,NONE,"Garen,965,482,100.0,Blue",,
24363,0.350,0.406,STOPPED,NONE,,,
24366,0.353,0.402,STOPPED,NONE,"Garen,966,480,100.0,Blue",,
24369,0.353,0.399,STOPPED,NONE,"Garen,964,478,98.4,Blue",,
24372,0.353,0.399,STOPPED,NONE,"Garen,964,487,98.4,Blue",,
24375,0.353,0.395,STOPPED,NONE,"Garen,964,488,98.4,Blue",,
24378,0.353,0.392,STOPPED,NONE,"Garen,965,483,98.4,Blue",,
24381,0.353,0.392,STOPPED,NONE,,,
24384,0.353,0.388,STOPPED,NONE,"Garen,965,480,98.4,Blue",,
24387,0.357,0.385,STOPPED,NONE,"Garen,965,475,99.2,Blue",,
24390,0.357,0.385,STOPPED,NONE,"Garen,965,481,100.0,Blue",,
24393,0.357,0.381,STOPPED,NONE,"Garen,963,478,100.0,Blue",,
24396,0.357,0.378,STOPPED,NONE,"Garen,964,487,100.0,Blue",,
24399,0.357,0.378,STOPPED,NONE,"Garen,963,489,99.2,Blue",,
24402,0.357,0.374,STOPPED,NONE,"Garen,965,484,97.7,Blue",,
24405,0.357,0.371,STOPPED,NONE,"Garen,965,481,97.7,Blue",,
24408,0.360,0.371,STOPPED,NONE,"Garen,965,484,100.0,Blue",,
24411,0.360,0.367,STOPPED,NONE,"Garen,965,475,100.0,Blue",,
24414,0.360,0.364,STOPPED,NONE,"Garen,964,479,100.0,Blue",,
24417,0.360,0.364,STOPPED,NONE,"Garen,964,481,100.0,Blue",,
24420,0.360,0.360,STOPPED,NONE,"Garen,966,488,97.7,Blue",,
24423,0.360,0.357,STOPPED,NONE,"Garen,965,491,98.4,Blue",,
24426,0.364,0.357,STOPPED,NONE,"Garen,966,489,98.4,Blue",,
24429,0.364,0.353,STOPPED,NONE,"Garen,966,484,99.2,Blue",,
24432,0.364,0.350,STOPPED,NONE,"Garen,965,482,98.4,Blue",,
24435,0.364,0.350,195,NONE,"Garen,965,485,99.2,Blue",,
24438,0.364,0.346,210,NONE,,,
24441,0.367,0.346,150,NONE,"Garen,976,486,95.2,Blue",,
24444,0.367,0.343,STOPPED,NONE,"Garen,978,488,98.4,Blue",,
24447,0.367,0.343,135,NONE,,,
24450,0.371,0.339,75,NONE,,,
24453,0.371,0.336,75,NONE,"Garen,980,484,99.2,Blue",,
24456,0.371,0.336,STOPPED,NONE,"Garen,977,480,100.0,Blue",,
24459,0.374,0.332,345,NONE,,,
24462,0.374,0.332,STOPPED,NONE,"Garen,978,472,92.9,Blue",,
24465,0.378,0.329,90,NONE,"Garen,979,470,96.9,Blue",,
24468,0.378,0.329,STOPPED,NONE,,,
24471,0.378,0.325,90,NONE,,,
24474,0.381,0.325,105,NONE,,,
24477,0.381,0.322,STOPPED,NONE,"Garen,981,458,99.2,Blue",,
24480,0.381,0.318,90,NONE,,,
24483,0.385,0.318,STOPPED,NONE,"Garen,979,446,100.0,Blue",,
24486,0.385,0.315,STOPPED,NONE,,,
24489,0.388,0.315,90,NONE,,,
24492,0.388,0.311,STOPPED,NONE,,,
24495,0.388,0.311,STOPPED,NONE,,,
24498,0.392,0.308,STOPPED,NONE,,,
24501,0.392,0.304,75,NONE,,,
24504,0.392,0.304,270,NONE,,,
24507,0.395,0.301,90,NONE,,,
24510,0.395,0.301,90,NONE,,,
24513,0.399,0.297,STOPPED,NONE,"Garen,981,445,98.4,Blue",,
24516,0.399,0.297,STOPPED,NONE,"Garen,980,445,98.4,Blue",,
24519,0.399,0.294,STOPPED,NONE,"Garen,979,443,98.4,Blue",,
24522,0.402,0.294,STOPPED,NONE,"Garen,980,441,97.6,Blue",,
24525,0.402,0.290,STOPPED,NONE,"Garen,980,444,97.6,Blue",,
24528,0.406,0.287,STOPPED,NONE,"Garen,979,447,97.6,Blue",,
24531,0.406,0.287,STOPPED,NONE,"Garen,978,439,99.2,Blue",,
24534,0.406,0.283,270,NONE,"Garen,978,440,99.2,Blue",,
24537,0.409,0.283,120,NONE,,,
24540,0.409,0.283,240,NONE,,,
24543,0.413,0.283,0,NONE,,,
24546,0.416,0.283,225,NONE,,,
24549,0.416,0.283,270,NONE,"Garen,996,470,94.5,Blue",,
24552,0.420,0.283,165,NONE,"Garen,998,474,98.4,Blue",,
24555,0.423,0.283,STOPPED,NONE,"Garen,997,475,98.4,Blue",,
24558,0.423,0.283,STOPPED,NONE,"Garen,998,479,98.4,Blue",,
24561,0.427,0.283,STOPPED,NONE,"Garen,998,478,98.4,Blue",,
24564,0.430,0.283,STOPPED,NONE,"Garen,998,471,97.6,Blue",,
24567,0.430,0.283,STOPPED,NONE,,,
24570,0.434,0.283,STOPPED,NONE,,,
24573,0.437,0.283,STOPPED,NONE,"Garen,997,472,98.4,Blue",,
24576,0.437,0.283,90,NONE,"Garen,999,470,98.4,Blue",,
24579,0.441,0.283,75,NONE,"Garen,995,467,96.9,Blue",,
24582,0.444,0.283,150,NONE,"Garen,984,448,98.4,Blue",,
24585,0.444,0.280,315,NONE,"Garen,973,449,99.2,Blue",,
24588,0.444,0.280,30,NONE,"Garen,966,445,98.3,Blue",,
24591,0.444,0.276,270,NONE,"Garen,963,441,99.2,Blue",,
24594,0.444,0.276,285,NONE,"Garen,963,429,96.8,Blue",,
24597,0.444,0.273,60,NONE,"Garen,959,428,99.2,Blue","Blue Melee,32,75,0.0,Blue",
24600,0.444,0.269,285,NONE,"Garen,957,424,100.0,Blue","Blue Melee,34,81,0.0,Blue",
24603,0.444,0.266,90,NONE,"Garen,955,433,99.2,Blue","Blue Melee,43,98,0.0,Blue",
24606,0.444,0.266,STOPPED,NONE,"Garen,956,427,100.0,Blue","Blue Melee,42,108,0.0,Blue",
24609,0.444,0.262,45,NONE,"Garen,956,429,100.0,Blue","Blue Melee,49,126,0.0,Blue",
24612,0.444,0.259,270,NONE,,"Blue Melee,54,145,0.0,Blue",
24615,0.444,0.255,270,NONE,,"Blue Melee,63,161,0.0,Blue",
24618,0.444,0.252,STOPPED,NONE,,"Blue Melee,73,181,0.0,Blue",
24621,0.444,0.248,STOPPED,"Red Cannon,938,200",,"Red Cannon,937,144,67.7,Red|Blue Melee,83,200,0.0,Blue|Red Melee,809,157,79.7,Red",
24624,0.444,0.245,STOPPED,"Red Caster,920,218",,"Blue Melee,96,217,0.0,Blue|Red Caster,919,162,63.5,Red",
24627,0.444,0.241,STOPPED,"Red Caster,829,235","Garen,955,423,100.0,Blue","Red Cannon,899,191,70.0,Red|Blue Melee,106,235,0.0,Blue|Red Melee,764,195,93.3,Red|Red Caster,828,192,11.9,Red",
24630,0.444,0.241,STOPPED,"Red Melee,737,262",,"Red Cannon,879,204,64.1,Red|Blue Melee,121,254,88.7,Blue|Red Melee,736,217,61.1,Red",
24633,0.444,0.238,STOPPED,"Red Caster,1093,265",,"Blue Melee,128,273,0.0,Blue|Red Caster,1092,225,98.4,Red|Red Caster,984,234,90.5,Red|Red Melee,719,239,91.8,Red",
24636,0.444,0.234,STOPPED,"Red Cannon,836,301","Garen,955,430,100.0,Blue","Red Caster,1073,249,100.0,Red|Red Cannon,835,245,68.3,Red|Blue Melee,145,290,0.0,Blue|Red Melee,696,261,95.0,Red|Red Caster,966,257,100.0,Red",
24639,0.444,0.231,255,NONE,"Garen,958,436,99.2,Blue","Blue Melee,158,312,0.0,Blue|Red Melee,673,274,100.0,Red|Red Caster,944,270,88.9,Red",
24642,0.444,0.231,330,NONE,"Garen,953,460,90.2,Blue","Red Cannon,794,281,46.7,Red|Red Caster,1035,277,100.0,Red|Blue Melee,173,318,0.0,Blue|Red Melee,644,289,0.0,Red|Red Caster,923,287,92.1,Red|Blue Melee,24,339,0.0,Blue",
24645,0.444,0.227,270,NONE,,"Red Cannon,795,307,66.7,Red|Blue Melee,197,323,88.5,Blue|Blue Melee,38,348,0.0,Blue|Red Caster,1023,290,95.2,Red|Red Melee,657,306,89.1,Red|Red Caster,912,294,100.0,Red",
24648,0.444,0.227,285,NONE,,"Red Cannon,818,310,67.2,Red|Blue Melee,214,333,0.0,Blue|Red Caster,1038,290,100.0,Red|Red Melee,690,292,12.9,Red|Red Melee,648,330,95.2,Red|Blue Melee,47,348,0.0,Blue",
24651,0.444,0.227,255,NONE,"Garen,939,457,99.2,Blue","Red Caster,1039,295,100.0,Red|Blue Melee,236,337,0.0,Blue|Blue Melee,64,341,0.0,Blue|Red Cannon,828,332,70.0,Red|Red Caster,660,341,0.0,Red",
24654,0.444,0.227,210,NONE,,"Blue Melee,260,337,0.0,Blue|Blue Melee,81,344,0.0,Blue|Red Caster,1042,292,82.5,Red|Red Caster,681,347,98.4,Red",
24657,0.444,0.227,210,NONE,,"Blue Melee,281,346,0.0,Blue|Blue Melee,111,343,0.0,Blue|Red Caster,1047,295,98.4,Red|Red Cannon,843,348,72.7,Red|Red Caster,725,335,11.7,Red|Red Caster,937,304,17.9,Red",
24660,0.444,0.227,210,NONE,"Garen,881,418,100.0,Blue","Blue Melee,306,358,0.0,Blue|Red Caster,1057,301,96.8,Red|Blue Melee,137,345,0.0,Blue|Red Caster,943,309,28.1,Red|Red Caster,737,347,11.5,Red",
24663,0.441,0.227,210,NONE,"Garen,869,413,95.4,Blue","Blue Melee,334,360,0.0,Blue|Blue Melee,166,349,0.0,Blue|Red Caster,1063,310,98.4,Red|Red Caster,752,373,90.6,Red|Red Caster,958,325,98.4,Red",
24666,0.441,0.224,210,NONE,,"Blue Melee,202,362,0.0,Blue|Blue Melee,367,373,0.0,Blue|Blue Melee,37,377,0.0,Blue|Red Caster,1074,322,100.0,Red|Red Melee,778,398,26.2,Red",
24669,0.441,0.224,STOPPED,"Red Caster,1094,385",,"Blue Melee,402,391,89.2,Blue|Red Caster,1093,335,100.0,Red|Blue Melee,53,391,0.0,Blue|Blue Melee,237,368,0.0,Blue|Red Melee,805,419,71.2,Red|Red Caster,981,339,46.0,Red",
24672,0.437,0.224,STOPPED,"Red Caster,1002,410",,"Red Caster,1112,348,98.4,Red|Blue Melee,81,400,81.2,Blue|Blue Melee,439,402,0.0,Blue|Red Caster,824,451,86.6,Red|Red Caster,1002,358,100.0,Red",
24675,0.437,0.220,STOPPED,"Red Melee,828,532",,"Blue Melee,471,418,0.0,Blue|Blue Melee,303,381,0.0,Blue|Blue Melee,113,407,0.0,Blue|Red Melee,827,481,94.9,Red",
24678,0.437,0.220,STOPPED,"Red Caster,1133,417","Garen,947,455,100.0,Blue","Blue Melee,497,421,72.6,Blue|Blue Melee,335,385,0.0,Blue|Red Caster,1133,364,100.0,Red|Blue Melee,145,404,0.0,Blue",
24681,0.437,0.220,STOPPED,"Red Caster,1135,410",,"Blue Melee,356,388,0.0,Blue|Red Caster,1134,362,100.0,Red|Blue Melee,517,428,0.0,Blue|Blue Melee,166,406,0.0,Blue|Blue Melee,37,422,0.0,Blue",
24684,0.437,0.220,STOPPED,"Red Melee,841,541",,"Blue Melee,376,389,0.0,Blue|Red Caster,1134,367,100.0,Red|Blue Melee,191,405,0.0,Blue|Blue Melee,537,436,0.0,Blue|Red Melee,840,495,73.3,Red|Blue Cannon,46,432,0.0,Blue",
24687,0.437,0.220,STOPPED,"Red Melee,836,555","Garen,982,438,98.4,Blue","Blue Melee,557,443,0.0,Blue|Blue Melee,208,408,0.0,Blue|Blue Melee,393,396,0.0,Blue|Red Caster,1131,363,100.0,Red|Blue Cannon,55,433,0.0,Blue|Red Melee,835,504,71.4,Red",
24690,0.437,0.220,STOPPED,NONE,,"Blue Melee,223,413,100.0,Blue|Blue Melee,575,449,0.0,Blue|Blue Melee,409,411,0.0,Blue|Blue Cannon,67,437,0.0,Blue",
24693,0.437,0.217,STOPPED,"Red Caster,1120,417",,"Blue Melee,237,421,0.0,Blue|Blue Melee,585,469,0.0,Blue|Blue Melee,418,424,0.0,Blue|Blue Cannon,69,443,0.0,Blue|Red Caster,1119,375,100.0,Red",
24696,0.437,0.217,STOPPED,"Red Caster,1109,447","Garen,1012,412,100.0,Blue","Blue Melee,597,479,0.0,Blue|Blue Cannon,71,450,0.0,Blue|Blue Melee,425,432,0.0,Blue|Blue Melee,245,431,38.7,Blue|Red Caster,1109,396,0.0,Red|Red Melee,819,536,45.2,Red",
24699,0.441,0.217,STOPPED,NONE,,"Blue Melee,431,450,0.0,Blue|Blue Melee,250,438,0.0,Blue|Blue Melee,604,495,0.0,Blue|Blue Cannon,78,461,0.0,Blue",
24702,0.441,0.217,STOPPED,NONE,,"Blue Cannon,75,475,0.0,Blue|Blue Melee,435,461,59.0,Blue|Blue Melee,605,516,0.0,Blue|Blue Melee,254,453,0.0,Blue",
24705,0.441,0.213,STOPPED,"Red Caster,1074,472","Garen,958,440,99.2,Blue","Blue Melee,258,476,0.0,Blue|Blue Melee,615,532,0.0,Blue|Blue Melee,442,480,0.0,Blue|Blue Cannon,78,493,0.0,Blue|Red Caster,1074,433,31.1,Red",
24708,0.441,0.213,STOPPED,NONE,"Garen,938,443,100.0,Blue","Blue Cannon,100,502,0.0,Blue|Blue Melee,465,499,0.0,Blue|Blue Melee,278,490,0.0,Blue|Blue Melee,641,551,0.0,Blue",
24711,0.441,0.213,STOPPED,NONE,,"Blue Melee,315,496,0.0,Blue|Blue Melee,676,553,0.0,Blue|Blue Cannon,136,504,0.0,Blue|Blue Melee,498,507,0.0,Blue",
24714,0.437,0.213,STOPPED,NONE,,"Blue Melee,720,554,0.0,Blue|Blue Melee,357,501,0.0,Blue|Blue Melee,540,511,58.1,Blue|Blue Cannon,177,503,0.0,Blue",
24717,0.437,0.213,STOPPED,NONE,,"Blue Melee,391,500,0.0,Blue|Blue Melee,577,507,0.0,Blue|Blue Melee,757,553,0.0,Blue|Blue Cannon,214,497,0.0,Blue",
24720,0.437,0.213,STOPPED,NONE,,"Blue Melee,415,499,0.0,Blue|Blue Melee,592,504,83.9,Blue|Blue Melee,752,550,0.0,Blue|Blue Cannon,239,492,0.0,Blue",
24723,0.437,0.213,STOPPED,NONE,,"Blue Melee,433,496,0.0,Blue|Blue Melee,613,506,45.9,Blue|Blue Melee,745,542,0.0,Blue|Blue Cannon,258,485,0.0,Blue|Blue Caster,27,561,0.0,Blue",
24726,0.437,0.213,STOPPED,NONE,,"Blue Melee,630,504,0.0,Blue|Blue Caster,39,552,0.0,Blue|Blue Cannon,284,480,55.7,Blue|Blue Melee,455,500,98.4,Blue|Blue Melee,754,538,90.2,Blue",
24729,0.437,0.213,STOPPED,NONE,"Garen,931,467,100.0,Blue","Blue Melee,482,499,0.0,Blue|Blue Caster,59,548,0.0,Blue|Blue Cannon,310,476,0.0,Blue|Blue Melee,656,503,0.0,Blue|Blue Melee,747,543,0.0,Blue",
24732,0.437,0.213,STOPPED,NONE,"Garen,949,468,100.0,Blue","Blue Melee,684,502,0.0,Blue|Blue Cannon,340,472,0.0,Blue|Blue Caster,87,544,37.7,Blue|Blue Melee,775,532,0.0,Blue|Blue Melee,511,489,0.0,Blue",
24735,0.437,0.213,STOPPED,NONE,,"Blue Melee,708,500,0.0,Blue|Blue Caster,110,540,0.0,Blue|Blue Melee,528,479,0.0,Blue|Blue Cannon,361,471,0.0,Blue|Blue Melee,800,534,0.0,Blue|Blue Caster,28,513,0.0,Blue",
24738,0.437,0.213,STOPPED,NONE,,"Blue Melee,730,496,0.0,Blue|Blue Caster,137,536,0.0,Blue|Blue Caster,37,511,0.0,Blue|Blue Melee,548,480,0.0,Blue",
24741,0.437,0.213,STOPPED,NONE,"Garen,1029,477,100.0,Blue","Blue Melee,564,473,0.0,Blue|Blue Melee,749,491,0.0,Blue|Blue Caster,157,529,0.0,Blue|Blue Cannon,406,457,31.0,Blue|Blue Caster,45,510,0.0,Blue",
24744,0.437,0.213,180,NONE,"Garen,1050,481,100.0,Blue","Blue Caster,175,517,0.0,Blue|Blue Melee,768,485,0.0,Blue|Blue Melee,578,461,0.0,Blue|Blue Caster,59,508,0.0,Blue|Blue Cannon,421,453,36.8,Blue",
24747,0.441,0.213,0,NONE,"Garen,1064,486,97.6,Blue","Blue Melee,779,481,0.0,Blue|Blue Caster,188,512,45.9,Blue|Blue Caster,70,501,0.0,Blue|Blue Cannon,439,451,0.0,Blue|Blue Melee,588,453,0.0,Blue|Blue Cannon,863,507,0.0,Blue",
24750,0.441,0.213,135,NONE,,"Blue Melee,592,446,0.0,Blue|Blue Caster,81,492,0.0,Blue|Blue Melee,786,478,0.0,Blue|Blue Caster,198,505,0.0,Blue|Blue Cannon,445,449,0.0,Blue",
24753,0.444,0.213,120,NONE,"Garen,1064,524,98.4,Blue","Blue Melee,787,470,0.0,Blue|Blue Caster,201,494,0.0,Blue|Blue Melee,590,433,0.0,Blue|Blue Caster,88,481,0.0,Blue|Blue Melee,876,496,0.0,Blue|Blue Cannon,445,445,0.0,Blue",
24756,0.444,0.217,30,NONE,,"Blue Melee,567,423,0.0,Blue|Blue Caster,91,467,0.0,Blue|Blue Caster,203,482,0.0,Blue|Blue Melee,872,483,0.0,Blue|Blue Cannon,450,433,0.0,Blue",
24759,0.448,0.217,STOPPED,NONE,"Garen,1038,523,100.0,Blue","Blue Melee,553,407,0.0,Blue|Blue Caster,95,451,0.0,Blue|Blue Caster,211,460,36.5,Blue|Blue Melee,872,459,0.0,Blue|Blue Cannon,445,421,0.0,Blue",
24762,0.451,0.217,60,NONE,"Garen,1022,521,97.5,Blue","Blue Melee,556,394,0.0,Blue|Blue Caster,212,433,0.0,Blue|Blue Caster,94,434,0.0,Blue|Blue Melee,867,446,87.7,Blue|Blue Cannon,447,401,0.0,Blue",
24765,0.451,0.220,45,NONE,,"Blue Caster,216,404,0.0,Blue|Blue Caster,98,410,0.0,Blue|Blue Melee,555,373,0.0,Blue|Blue Melee,775,400,0.0,Blue|Blue Melee,861,413,0.0,Blue|Blue Cannon,446,376,0.0,Blue",
24768,0.455,0.220,15,NONE,,"Blue Melee,860,380,0.0,Blue|Blue Melee,552,354,0.0,Blue|Blue Caster,105,380,0.0,Blue|Blue Melee,778,369,0.0,Blue|Blue Caster,218,375,0.0,Blue",
24771,0.458,0.224,105,NONE,,"Blue Melee,858,357,0.0,Blue|Blue Caster,114,361,0.0,Blue|Blue Caster,226,357,0.0,Blue|Blue Melee,778,349,0.0,Blue|Blue Cannon,453,336,0.0,Blue|Blue Melee,561,338,0.0,Blue",
24774,0.458,0.224,105,NONE,,"Blue Melee,780,340,0.0,Blue|Blue Caster,230,343,0.0,Blue|Blue Melee,556,323,0.0,Blue|Blue Melee,859,343,0.0,Blue|Blue Caster,119,345,0.0,Blue|Blue Cannon,454,323,0.0,Blue",
24777,0.462,0.224,90,NONE,,"Blue Melee,780,337,0.0,Blue|Blue Caster,121,338,0.0,Blue|Blue Caster,230,334,80.3,Blue|Blue Melee,850,339,0.0,Blue|Blue Cannon,453,318,0.0,Blue|Blue Melee,552,322,0.0,Blue",
24780,0.465,0.224,60,NONE,,"Blue Melee,778,332,0.0,Blue|Blue Caster,118,334,0.0,Blue|Blue Caster,224,331,0.0,Blue|Blue Melee,552,320,0.0,Blue|Blue Cannon,454,316,0.0,Blue",
24783,0.465,0.224,105,NONE,,"Blue Caster,115,339,0.0,Blue|Blue Melee,772,335,0.0,Blue|Blue Caster,224,332,0.0,Blue|Blue Melee,845,332,0.0,Blue|Blue Melee,551,322,0.0,Blue|Blue Cannon,452,319,0.0,Blue",
24786,0.469,0.224,15,NONE,"Garen,995,469,100.0,Blue","Blue Caster,114,335,0.0,Blue|Blue Caster,842,336,0.0,Blue|Blue Melee,768,331,0.0,Blue|Blue Melee,548,325,0.0,Blue|Blue Caster,219,330,0.0,Blue",
24789,0.472,0.224,30,NONE,"Garen,998,465,97.6,Blue","Blue Caster,108,336,0.0,Blue|Blue Melee,842,341,0.0,Blue|Blue Melee,767,330,0.0,Blue|Blue Caster,216,335,0.0,Blue|Blue Melee,543,328,0.0,Blue|Blue Melee,444,327,98.4,Blue",
24792,0.472,0.224,330,NONE,"Garen,996,460,99.2,Blue","Blue Caster,105,335,0.0,Blue|Blue Melee,762,333,0.0,Blue|Blue Melee,837,341,0.0,Blue|Blue Melee,539,331,0.0,Blue|Blue Caster,212,341,0.0,Blue",
24795,0.476,0.224,330,NONE,,"Blue Melee,758,336,0.0,Blue|Blue Melee,537,330,0.0,Blue|Blue Caster,103,339,0.0,Blue|Blue Melee,836,344,0.0,Blue|Blue Caster,209,342,0.0,Blue|Blue Cannon,435,333,0.0,Blue",
24798,0.479,0.224,0,NONE,,"Blue Melee,534,334,0.0,Blue|Blue Cannon,434,336,0.0,Blue|Blue Melee,755,340,0.0,Blue|Blue Caster,206,346,0.0,Blue|Blue Melee,831,345,0.0,Blue|Blue Caster,102,343,0.0,Blue",
24801,0.479,0.224,330,NONE,,"Blue Cannon,427,340,0.0,Blue|Blue Melee,531,337,0.0,Blue|Blue Caster,200,349,0.0,Blue|Blue Melee,831,345,0.0,Blue|Blue Melee,753,345,0.0,Blue",
24804,0.483,0.220,315,NONE,,"Blue Cannon,423,339,0.0,Blue|Blue Melee,527,341,0.0,Blue|Blue Caster,197,349,0.0,Blue|Blue Melee,748,347,0.0,Blue|Blue Melee,830,351,0.0,Blue|Blue Caster,90,349,0.0,Blue",
24807,0.486,0.220,330,NONE,,"Blue Caster,193,351,0.0,Blue|Blue Cannon,419,349,0.0,Blue|Blue Melee,743,351,0.0,Blue|Blue Melee,822,355,0.0,Blue|Blue Melee,525,343,0.0,Blue|Blue Caster,85,358,0.0,Blue",
24810,0.486,0.220,315,NONE,"Garen,995,467,77.0,Blue","Blue Melee,821,358,0.0,Blue|Blue Caster,189,355,0.0,Blue|Blue Melee,740,352,0.0,Blue|Blue Melee,521,347,0.0,Blue|Blue Caster,81,362,0.0,Blue|Blue Cannon,418,350,85.0,Blue",
24813,0.490,0.220,STOPPED,NONE,"Garen,998,465,77.2,Blue","Blue Melee,821,361,0.0,Blue|Blue Caster,185,357,0.0,Blue|Blue Caster,75,362,0.0,Blue|Blue Melee,519,354,0.0,Blue|Blue Melee,736,356,0.0,Blue|Blue Cannon,413,354,0.0,Blue",
24816,0.493,0.220,345,NONE,"Garen,995,463,97.6,Blue","Blue Melee,820,362,0.0,Blue|Blue Melee,735,359,0.0,Blue|Blue Melee,517,354,0.0,Blue|Blue Caster,183,364,68.3,Blue|Blue Caster,71,366,16.4,Blue|Blue Cannon,407,356,0.0,Blue",
24819,0.493,0.220,330,NONE,,"Blue Melee,815,366,0.0,Blue|Blue Melee,731,360,0.0,Blue|Blue Melee,509,360,0.0,Blue|Blue Caster,179,371,0.0,Blue|Blue Cannon,402,360,0.0,Blue|Blue Caster,67,368,0.0,Blue",
24822,0.497,0.220,330,NONE,"Garen,995,463,98.4,Blue","Blue Melee,504,366,0.0,Blue|Blue Melee,731,366,0.0,Blue|Blue Melee,812,367,0.0,Blue|Blue Caster,62,371,0.0,Blue|Blue Cannon,398,366,0.0,Blue|Blue Caster,175,379,0.0,Blue",
24825,0.500,0.220,315,NONE,,"Blue Melee,730,366,0.0,Blue|Blue Melee,502,369,0.0,Blue|Blue Cannon,398,363,0.0,Blue|Blue Melee,809,369,0.0,Blue|Blue Caster,60,372,0.0,Blue|Blue Caster,167,379,0.0,Blue",
24828,0.500,0.220,345,NONE,,"Blue Melee,723,370,0.0,Blue|Blue Cannon,394,369,0.0,Blue|Blue Melee,806,372,0.0,Blue|Blue Melee,496,371,0.0,Blue|Blue Caster,163,379,0.0,Blue|Blue Caster,59,374,0.0,Blue",
24831,0.503,0.217,345,NONE,"Garen,993,453,96.6,Blue","Blue Melee,499,374,0.0,Blue|Blue Caster,161,379,0.0,Blue|Blue Melee,800,380,0.0,Blue|Blue Caster,56,379,98.3,Blue|Blue Cannon,392,375,0.0,Blue|Blue Melee,719,373,0.0,Blue",
24834,0.503,0.217,345,NONE,"Garen,988,455,96.0,Blue","Blue Melee,490,387,0.0,Blue|Blue Caster,152,392,0.0,Blue|Blue Melee,719,382,0.0,Blue|Blue Melee,802,389,0.0,Blue|Blue Caster,52,394,0.0,Blue",
24837,0.507,0.217,60,NONE,"Garen,987,449,97.6,Blue","Blue Melee,492,392,0.0,Blue|Blue Melee,716,394,45.0,Blue|Blue Cannon,386,397,0.0,Blue|Blue Caster,153,400,0.0,Blue|Blue Melee,798,395,0.0,Blue|Blue Caster,55,402,0.0,Blue",
24840,0.510,0.217,240,NONE,"Garen,989,450,100.0,Blue","Blue Caster,148,409,0.0,Blue|Blue Melee,490,400,0.0,Blue|Blue Cannon,386,406,0.0,Blue|Blue Melee,793,406,0.0,Blue|Blue Caster,51,409,0.0,Blue|Blue Melee,721,402,0.0,Blue",
24843,0.510,0.217,240,NONE,,"Blue Melee,488,413,0.0,Blue|Blue Melee,801,414,61.3,Blue|Blue Caster,148,426,0.0,Blue|Blue Cannon,380,415,0.0,Blue|Blue Melee,720,411,0.0,Blue|Blue Caster,41,419,0.0,Blue",
24846,0.514,0.217,270,NONE,"Garen,991,454,99.2,Blue","Blue Cannon,378,426,0.0,Blue|Blue Melee,718,421,0.0,Blue|Blue Melee,488,420,0.0,Blue|Blue Melee,801,421,0.0,Blue|Blue Caster,146,431,0.0,Blue|Blue Caster,42,431,0.0,Blue",
24849,0.514,0.213,255,NONE,,"Blue Caster,139,438,0.0,Blue|Blue Caster,42,437,0.0,Blue|Blue Melee,486,423,0.0,Blue|Blue Cannon,378,429,0.0,Blue|Blue Melee,799,430,0.0,Blue|Blue Melee,715,431,0.0,Blue",
24852,0.517,0.213,240,NONE,,"Blue Caster,138,439,0.0,Blue|Blue Melee,485,427,0.0,Blue|Blue Caster,45,443,0.0,Blue|Blue Melee,794,434,0.0,Blue|Blue Cannon,372,431,0.0,Blue|Blue Melee,710,431,0.0,Blue",
24855,0.521,0.213,300,NONE,"Garen,999,476,97.6,Blue|UNKNOWN,984,575,100.0,Blue","Blue Caster,40,445,0.0,Blue|Blue Caster,134,440,0.0,Blue|Blue Melee,481,434,0.0,Blue|Blue Melee,797,435,0.0,Blue|Blue Cannon,369,431,0.0,Blue|Blue Melee,710,429,0.0,Blue",
24858,0.521,0.213,345,NONE,"Garen,997,471,96.8,Blue","Blue Caster,37,445,0.0,Blue|Blue Caster,129,442,0.0,Blue|Blue Melee,789,431,0.0,Blue|Blue Melee,477,438,0.0,Blue|Blue Melee,706,432,0.0,Blue|Blue Cannon,363,431,0.0,Blue",
24861,0.524,0.213,345,NONE,"Garen,998,468,100.0,Blue","Blue Caster,126,446,0.0,Blue|Blue Caster,35,446,0.0,Blue|Blue Melee,475,435,0.0,Blue|Blue Melee,787,433,0.0,Blue|Blue Melee,701,433,0.0,Blue",
24864,0.528,0.213,0,NONE,"Garen,997,472,100.0,Blue","Blue Caster,125,449,0.0,Blue|Blue Melee,472,435,0.0,Blue|Blue Caster,35,445,0.0,Blue|Blue Melee,785,434,0.0,Blue|Blue Melee,699,432,0.0,Blue|Blue Cannon,361,433,0.0,Blue",
24867,0.528,0.213,0,NONE,"Garen,997,471,100.0,Blue","Blue Caster,118,444,0.0,Blue|Blue Melee,469,436,0.0,Blue|Blue Melee,783,431,0.0,Blue|Blue Melee,695,432,0.0,Blue|Blue Caster,32,442,0.0,Blue|Blue Cannon,357,432,0.0,Blue",
24870,0.531,0.213,345,NONE,,"Blue Caster,115,445,0.0,Blue|Blue Melee,466,436,0.0,Blue|Blue Melee,779,432,0.0,Blue|Blue Melee,692,436,0.0,Blue|Blue Caster,30,444,0.0,Blue|Blue Cannon,355,432,0.0,Blue",
24873,0.535,0.213,0,NONE,,"Blue Caster,110,443,0.0,Blue|Blue Melee,457,435,0.0,Blue|Blue Melee,687,436,0.0,Blue|Blue Melee,776,433,0.0,Blue|Blue Caster,29,445,0.0,Blue|Blue Cannon,350,431,0.0,Blue|Red Melee,1762,427,93.3,Red","RedTower,1786,470,93.3,Red"
24876,0.535,0.213,0,NONE,,"Blue Caster,107,443,0.0,Blue|Blue Melee,686,430,0.0,Blue|Blue Melee,456,437,0.0,Blue|Blue Melee,772,432,0.0,Blue|Blue Caster,27,443,0.0,Blue|Blue Cannon,349,430,0.0,Blue|Red Melee,1716,430,100.0,Red","RedTower,1772,492,100.0,Red"
24879,0.538,0.213,0,NONE,,"Blue Caster,103,442,0.0,Blue|Blue Melee,685,426,0.0,Blue|Blue Melee,453,440,0.0,Blue|Blue Melee,767,428,74.2,Blue|Blue Cannon,344,432,0.0,Blue|Blue Caster,23,443,0.0,Blue|Red Melee,1667,429,100.0,Red",
24882,0.542,0.213,0,NONE,"Garen,981,477,100.0,Blue","Blue Caster,103,441,0.0,Blue|Blue Melee,684,427,0.0,Blue|Blue Melee,452,436,0.0,Blue|Blue Melee,768,426,0.0,Blue|Red Melee,1621,427,100.0,Red",
24885,0.542,0.213,15,NONE,"Garen,947,475,99.2,Blue","Blue Caster,121,442,0.0,Blue|Blue Caster,32,440,0.0,Blue|Blue Melee,470,428,0.0,Blue|Blue Melee,697,426,0.0,Blue|Blue Melee,783,429,0.0,Blue|Blue Cannon,358,430,0.0,Blue|Red Melee,1596,431,95.3,Red",
24888,0.542,0.213,165,NONE,"Garen,926,479,97.5,Blue","Blue Caster,149,438,0.0,Blue|Blue Melee,493,427,0.0,Blue|Blue Melee,726,424,0.0,Blue|Blue Caster,45,437,0.0,Blue|Blue Cannon,387,430,0.0,Blue|Blue Melee,821,425,0.0,Blue|Red Melee,1570,428,98.4,Red","RedTower,1751,519,92.2,Red"
24891,0.542,0.213,165,NONE,"Garen,903,475,99.1,Blue|UNKNOWN,1848,502,100.0,Red","Blue Caster,65,436,0.0,Blue|Blue Caster,179,436,0.0,Blue|Blue Cannon,414,429,48.3,Blue|Blue Melee,756,427,0.0,Blue|Blue Melee,526,425,52.6,Blue","RedTower,1748,530,89.4,Red"
24894,0.538,0.213,165,NONE,"Garen,885,474,95.1,Blue","Blue Caster,97,438,0.0,Blue|Blue Caster,210,435,0.0,Blue|Blue Melee,555,423,0.0,Blue|Blue Cannon,445,429,0.0,Blue|Blue Melee,784,424,0.0,Blue|Red Melee,1542,426,98.4,Red","RedTower,1750,527,62.5,Red"
24897,0.538,0.213,165,NONE,"Garen,867,473,100.0,Blue","Blue Caster,129,440,0.0,Blue|Blue Melee,585,423,0.0,Blue|Blue Caster,244,432,0.0,Blue|Red Melee,1530,428,98.3,Red|Red Melee,1717,431,100.0,Red","RedTower,1757,524,100.0,Red"
24900,0.538,0.213,180,NONE,"UNKNOWN,1868,495,100.0,Red","Blue Cannon,514,423,0.0,Blue|Blue Caster,167,434,0.0,Blue|Blue Caster,282,427,0.0,Blue|Blue Melee,623,426,0.0,Blue|Red Melee,1521,424,100.0,Red|Red Melee,1708,433,98.4,Red","RedTower,1769,481,98.4,Red"
24903,0.535,0.213,180,NONE,"Garen,916,463,100.0,Blue","Blue Cannon,555,425,0.0,Blue|Blue Caster,207,435,0.0,Blue|Blue Melee,667,427,0.0,Blue|Blue Caster,320,430,0.0,Blue|Red Melee,1704,433,100.0,Red|Blue Caster,30,435,0.0,Blue|Blue Melee,974,451,0.0,Blue|Red Melee,1516,421,100.0,Red",
24906,0.535,0.213,210,NONE,,"Blue Caster,357,440,0.0,Blue|Blue Caster,242,436,0.0,Blue|Blue Melee,1009,454,0.0,Blue|Blue Cannon,591,429,0.0,Blue|Blue Melee,702,429,0.0,Blue|Blue Caster,42,444,0.0,Blue|Red Melee,1700,438,98.4,Red|Blue Caster,927,436,0.0,Blue|Red Melee,1507,429,100.0,Red",
24909,0.535,0.213,300,NONE,"Garen,968,450,100.0,Blue","Blue Melee,719,436,83.6,Blue|Blue Caster,376,447,0.0,Blue|Blue Caster,259,450,0.0,Blue|Red Melee,1491,436,98.4,Red|Blue Caster,55,453,0.0,Blue|Blue Cannon,607,437,0.0,Blue|Blue Melee,1018,455,0.0,Blue|Red Melee,1680,446,98.4,Red",
24912,0.535,0.213,330,NONE,"Garen,977,466,96.8,Blue","Blue Melee,732,449,0.0,Blue|Blue Cannon,622,450,0.0,Blue|Blue Caster,271,453,0.0,Blue|Blue Caster,387,456,0.0,Blue|Blue Caster,64,461,0.0,Blue|Red Melee,1459,445,100.0,Red|Red Melee,1649,455,98.5,Red|Blue Melee,967,457,100.0,Blue","RedTower,1791,548,96.9,Red"
24915,0.538,0.213,345,NONE,"Garen,990,465,100.0,Blue","Blue Caster,69,465,0.0,Blue|Blue Cannon,633,455,0.0,Blue|Blue Caster,280,459,0.0,Blue|Blue Melee,743,451,0.0,Blue|Blue Caster,394,459,0.0,Blue|Blue Melee,1048,475,16.9,Blue|Red Melee,1425,462,95.2,Red|Red Melee,1614,458,100.0,Red","RedTower,1776,567,95.2,Red"
24918,0.538,0.213,345,NONE,"Garen,999,439,99.2,Blue","Blue Caster,396,464,0.0,Blue|Blue Caster,283,468,0.0,Blue|Blue Caster,73,473,0.0,Blue|Blue Melee,747,457,0.0,Blue|Blue Cannon,635,460,0.0,Blue|Red Melee,1581,464,96.8,Red|Blue Melee,954,445,0.0,Blue|Red Melee,1393,468,100.0,Red|Red Melee,1748,468,93.7,Red|Blue Melee,1050,477,61.3,Blue","RedTower,1773,526,93.7,Red"
24921,0.538,0.213,150,NONE,"Garen,1002,445,100.0,Blue","Blue Melee,757,472,0.0,Blue|Blue Caster,289,476,0.0,Blue|Blue Cannon,642,472,0.0,Blue|Blue Caster,406,478,0.0,Blue|Blue Caster,77,485,0.0,Blue|Blue Melee,1037,489,0.0,Blue|Red Melee,1544,468,95.0,Red|Blue Melee,954,452,53.6,Blue|Red Melee,1357,486,44.4,Red|Red Melee,1708,481,52.5,Red","RedTower,1763,542,52.5,Red"
24924,0.542,0.210,330,NONE,"Garen,1008,445,95.2,Blue","Blue Caster,76,498,0.0,Blue|Blue Cannon,645,477,0.0,Blue|Blue Caster,291,487,0.0,Blue|Blue Melee,759,482,0.0,Blue|Blue Melee,951,470,100.0,Blue|Blue Caster,407,484,90.0,Blue|Red Melee,1320,492,96.9,Red|Blue Melee,1046,500,0.0,Blue|Red Melee,1504,486,100.0,Red",
24927,0.542,0.210,345,NONE,"Garen,1009,442,100.0,Blue","Blue Caster,287,499,0.0,Blue|Blue Melee,758,497,0.0,Blue|Blue Caster,405,498,0.0,Blue|Blue Caster,72,511,0.0,Blue|Red Melee,1460,494,100.0,Red|Blue Cannon,644,495,0.0,Blue|Blue Melee,949,490,0.0,Blue",
24930,0.545,0.210,285,NONE,"Garen,1010,448,100.0,Blue","Blue Cannon,642,499,0.0,Blue|Blue Caster,66,519,0.0,Blue|Blue Caster,284,511,0.0,Blue|Blue Melee,756,507,0.0,Blue|Red Melee,1227,524,100.0,Red|Blue Caster,400,510,0.0,Blue|Red Melee,1416,503,100.0,Red|Blue Melee,944,506,0.0,Blue|Red Melee,1590,512,38.1,Red",
24933,0.549,0.210,285,NONE,"Garen,1005,455,100.0,Blue","Blue Melee,745,523,0.0,Blue|Blue Caster,390,518,88.9,Blue|Blue Caster,59,530,0.0,Blue|Blue Melee,941,524,0.0,Blue|Blue Cannon,635,512,53.2,Blue|Blue Caster,277,520,0.0,Blue|Red Melee,1367,515,100.0,Red|Red Melee,1174,540,100.0,Red",
24936,0.552,0.210,330,NONE,,"Blue Caster,266,526,0.0,Blue|Blue Melee,738,531,0.0,Blue|Blue Cannon,629,518,0.0,Blue|Blue Caster,1027,544,0.0,Blue|Blue Melee,934,535,0.0,Blue|Red Melee,1130,543,100.0,Red|Blue Caster,49,535,0.0,Blue|Red Melee,1315,523,90.0,Red|Red Caster,1720,518,100.0,Red","RedTower,1665,596,100.0,Red"
24939,0.552,0.210,345,NONE,,"Blue Caster,389,528,0.0,Blue|Blue Cannon,631,522,0.0,Blue|Blue Melee,1023,547,0.0,Blue|Blue Melee,742,536,0.0,Blue|Blue Caster,272,530,0.0,Blue|Red Melee,1273,526,100.0,Red|Blue Melee,933,548,0.0,Blue|Red Melee,1112,556,98.5,Red|Blue Caster,56,535,0.0,Blue",
24942,0.552,0.210,345,NONE,,"Blue Cannon,647,530,36.1,Blue|Blue Melee,765,541,0.0,Blue|Blue Caster,404,529,0.0,Blue|Blue Caster,285,534,88.3,Blue|Blue Caster,67,538,0.0,Blue|Red Melee,1245,524,98.4,Red|Red Melee,1420,542,98.3,Red|Blue Melee,957,557,0.0,Blue",
24945,0.552,0.210,345,NONE,,"Blue Melee,776,552,0.0,Blue|Blue Cannon,665,532,0.0,Blue|Blue Caster,423,532,0.0,Blue|Blue Caster,84,536,0.0,Blue|Blue Caster,303,534,24.2,Blue|Red Melee,1215,530,89.8,Red|Blue Melee,985,564,0.0,Blue|Red Caster,1388,537,98.5,Red",
24948,0.552,0.210,60,NONE,,"Blue Cannon,688,531,0.0,Blue|Blue Melee,801,558,0.0,Blue|Blue Caster,108,538,0.0,Blue|Blue Caster,328,532,0.0,Blue|Blue Caster,444,536,0.0,Blue|Red Melee,1200,536,94.9,Red|Red Melee,1094,555,83.1,Red|Blue Cannon,1004,568,0.0,Blue|Red Melee,1365,542,100.0,Red","RedTower,1635,632,96.8,Red"
24951,0.552,0.210,120,NONE,"Garen,939,514,99.2,Blue","Blue Cannon,712,530,0.0,Blue|Blue Melee,825,558,0.0,Blue|Blue Caster,138,532,0.0,Blue|Blue Caster,353,531,0.0,Blue|Red Melee,1190,555,88.7,Red|Blue Caster,468,537,0.0,Blue|Blue Melee,1003,558,0.0,Blue|Red Melee,1090,555,78.3,Red|Red Melee,1348,541,100.0,Red|Red Caster,1567,526,96.8,Red|Blue Melee,993,574,78.3,Blue",
24954,0.552,0.210,135,NONE,"Garen,935,497,97.6,Blue","Blue Caster,382,523,0.0,Blue|Blue Cannon,737,526,0.0,Blue|Blue Caster,495,536,0.0,Blue|Blue Caster,163,533,0.0,Blue|Red Melee,1177,535,58.3,Red|Blue Melee,984,564,0.0,Blue|Red Caster,1549,522,75.4,Red|Red Melee,1323,531,100.0,Red|Red Melee,1087,553,90.3,Red|Blue Melee,845,556,0.0,Blue",
24957,0.552,0.210,135,NONE,,"Blue Caster,192,524,0.0,Blue|Blue Caster,410,516,0.0,Blue|Blue Caster,525,533,0.0,Blue|Blue Cannon,767,522,0.0,Blue|Red Melee,1162,525,86.7,Red|Blue Melee,882,555,65.1,Blue|Red Caster,1689,515,96.7,Red|Red Caster,1527,515,96.9,Red|Red Melee,1080,547,81.4,Red|Blue Melee,991,556,23.0,Blue|Red Melee,1310,521,100.0,Red",
24960,0.552,0.210,60,NONE,"Garen,972,467,100.0,Blue","Blue Caster,542,536,0.0,Blue|Blue Caster,431,513,0.0,Blue|Blue Caster,216,519,0.0,Blue|Blue Melee,901,556,0.0,Blue|Blue Cannon,785,517,0.0,Blue|Red Caster,1501,515,84.6,Red","RedTower,1630,621,96.6,Red"
24963,0.552,0.210,0,NONE,,"Blue Caster,557,533,0.0,Blue|Blue Caster,442,522,0.0,Blue|Red Melee,1260,499,86.9,Red|Blue Caster,230,522,0.0,Blue|Blue Cannon,801,518,0.0,Blue|Red Caster,1470,514,100.0,Red","RedTower,1624,622,100.0,Red"
24966,0.556,0.210,345,NONE,,"Blue Caster,244,527,0.0,Blue|Red Caster,1804,546,3.1,Red|Blue Caster,576,539,0.0,Blue|Blue Caster,456,532,0.0,Blue|Red Melee,1230,496,93.7,Red|Blue Cannon,816,516,0.0,Blue|Blue Melee,897,568,0.0,Blue|Red Caster,1440,523,98.4,Red|Red Caster,1107,518,83.6,Red|Blue Cannon,974,563,0.0,Blue","RedTower,1624,602,92.4,Red"
24969,0.556,0.210,0,NONE,"Garen,991,452,97.6,Blue","Blue Cannon,805,504,0.0,Blue|Blue Caster,584,541,0.0,Blue|Red Caster,1763,559,100.0,Red|Blue Caster,255,531,0.0,Blue|Red Melee,1199,492,98.4,Red|Blue Caster,467,534,0.0,Blue|Red Caster,1407,521,96.8,Red|Blue Cannon,977,564,0.0,Blue|Red Melee,1077,531,100.0,Red|Blue Melee,894,559,0.0,Blue","RedTower,1600,612,92.1,Red"
24972,0.556,0.210,0,NONE,"Garen,976,468,94.0,Blue","Blue Caster,590,543,0.0,Blue|Blue Cannon,800,502,0.0,Blue|Blue Caster,265,528,0.0,Blue|Blue Caster,474,538,0.0,Blue|Red Caster,1525,520,96.8,Red|Red Melee,1159,489,100.0,Red|Red Caster,1384,525,100.0,Red|Red Melee,1073,537,61.7,Red","RedTower,1591,610,96.8,Red"
24975,0.556,0.210,0,NONE,,"Blue Caster,605,549,0.0,Blue|Blue Caster,277,525,0.0,Blue|Blue Caster,486,543,0.0,Blue|Red Caster,1496,523,90.6,Red|Red Melee,1158,485,100.0,Red|Red Caster,1369,528,96.8,Red","RedTower,1552,631,90.6,Red"
24978,0.559,0.210,0,NONE,,"Blue Caster,499,546,0.0,Blue|Blue Caster,295,523,0.0,Blue|Blue Caster,619,551,0.0,Blue|Red Caster,1465,524,100.0,Red|Blue Cannon,800,505,0.0,Blue|Red Melee,1036,550,98.4,Red","RedTower,1595,597,100.0,Red"
24981,0.559,0.210,345,NONE,,"Blue Caster,316,526,96.7,Blue|Blue Caster,621,554,0.0,Blue|Blue Caster,515,553,0.0,Blue|Red Melee,1117,466,86.9,Red|Blue Cannon,786,511,0.0,Blue|Red Caster,1447,526,95.3,Red|Red Melee,1039,559,50.0,Red|Red Caster,1072,508,63.9,Red|Red Caster,1341,533,96.8,Red|Blue Melee,918,562,0.0,Blue",
24984,0.559,0.210,330,NONE,,"Blue Caster,337,524,0.0,Blue|Blue Caster,532,556,0.0,Blue|Blue Caster,626,558,0.0,Blue|Blue Cannon,786,509,0.0,Blue|Red Melee,1093,465,0.0,Red|Red Caster,1614,534,100.0,Red|Red Caster,1415,526,98.4,Red|Blue Melee,920,531,0.0,Blue|Red Caster,1073,514,50.0,Red|Red Melee,1036,559,100.0,Red|Red Caster,1340,532,100.0,Red",
24987,0.559,0.210,330,NONE,,"Red Melee,1076,456,72.9,Red|Blue Caster,359,526,0.0,Blue|Blue Caster,551,557,0.0,Blue|Blue Caster,622,558,0.0,Blue|Blue Cannon,785,514,62.5,Blue|Red Melee,1022,557,50.8,Red|Blue Melee,938,550,0.0,Blue|Red Caster,1405,540,100.0,Red|Red Caster,1074,511,71.2,Red","RedTower,1574,633,88.2,Red"
24990,0.559,0.210,330,NONE,,"Blue Caster,377,534,36.7,Blue|Blue Cannon,781,515,65.1,Blue|Blue Caster,620,558,98.4,Blue|Blue Caster,561,538,0.0,Blue|Red Melee,1064,466,87.1,Red|Red Caster,1337,538,100.0,Red|Blue Melee,914,563,100.0,Blue","RedTower,1568,644,95.3,Red"
24993,0.559,0.210,345,NONE,,"Blue Caster,575,524,0.0,Blue|Blue Melee,783,509,63.5,Blue|Blue Caster,396,544,0.0,Blue|Red Caster,1369,566,100.0,Red|Blue Caster,617,559,98.4,Blue|Blue Melee,912,563,0.0,Blue",
24996,0.559,0.210,0,NONE,,"Blue Caster,414,554,0.0,Blue|Blue Cannon,779,510,69.4,Blue|Blue Caster,585,513,0.0,Blue|Blue Caster,630,564,90.3,Blue|Red Caster,1523,557,38.7,Red|Red Caster,1355,563,98.5,Red|Blue Melee,908,564,0.0,Blue","RedTower,1581,601,38.7,Red"
24999,0.559,0.210,0,NONE,"Garen,1045,470,93.7,Blue","Blue Caster,427,558,0.0,Blue|Blue Melee,904,570,0.0,Blue|Red Caster,1335,560,0.0,Red|Red Caster,1277,540,100.0,Red|Blue Caster,597,506,0.0,Blue|Blue Cannon,929,560,0.0,Blue|Blue Caster,620,557,0.0,Blue",
25002,0.559,0.210,0,NONE,,"Blue Cannon,761,512,0.0,Blue|Blue Caster,441,567,0.0,Blue|Blue Caster,582,508,0.0,Blue|Blue Melee,896,567,0.0,Blue|Blue Caster,619,556,0.0,Blue|Red Caster,1261,546,100.0,Red|Blue Melee,933,551,0.0,Blue",
25005,0.563,0.210,0,NONE,,"Blue Caster,446,576,0.0,Blue|Blue Cannon,748,514,0.0,Blue|Blue Caster,580,501,0.0,Blue|Blue Melee,879,560,0.0,Blue|Red Caster,1425,538,100.0,Red",
25008,0.563,0.210,0,NONE,,"Blue Caster,447,584,0.0,Blue|Blue Cannon,732,514,0.0,Blue|Blue Caster,559,503,0.0,Blue|Blue Melee,850,576,0.0,Blue|Blue Caster,588,554,14.1,Blue|Blue Melee,899,482,0.0,Blue|Red Caster,1228,550,63.6,Red",
25011,0.566,0.210,0,NONE,,"Blue Caster,531,499,0.0,Blue|Blue Cannon,700,505,0.0,Blue|Blue Melee,865,511,0.0,Blue|Blue Caster,436,587,0.0,Blue|Blue Melee,822,560,0.0,Blue|Red Caster,1214,552,100.0,Red",
25014,0.570,0.210,210,NONE,,"Blue Caster,499,495,0.0,Blue|Blue Cannon,673,507,0.0,Blue|Blue Caster,423,597,0.0,Blue|Blue Melee,834,525,0.0,Blue",
25017,0.573,0.210,165,NONE,,"Blue Cannon,629,510,0.0,Blue|Blue Melee,746,563,0.0,Blue|Blue Caster,398,589,0.0,Blue|Blue Melee,795,521,0.0,Blue|Blue Caster,476,555,57.1,Blue|Red Melee,1128,560,32.2,Red",
25020,0.573,0.210,330,NONE,,"Blue Caster,432,513,0.0,Blue|Blue Cannon,596,523,88.9,Blue|Red Melee,1223,543,98.4,Red|Blue Caster,450,571,80.6,Blue|Red Caster,1108,568,6.5,Red",
25023,0.573,0.210,285,NONE,"JarvanIV,945,433,96.8,Blue","Blue Caster,425,533,0.0,Blue|Blue Melee,717,614,0.0,Blue|Blue Cannon,597,540,0.0,Blue|Blue Caster,392,597,0.0,Blue",
25026,0.573,0.210,240,NONE,"Garen,933,430,96.8,Blue","Blue Caster,431,555,0.0,Blue|Blue Cannon,600,559,0.0,Blue|Blue Melee,724,639,68.9,Blue|Blue Caster,391,631,0.0,Blue|Blue Caster,451,612,0.0,Blue",
25029,0.573,0.210,240,NONE,"Garen,941,437,100.0,Blue","Blue Caster,444,576,0.0,Blue|Blue Melee,745,666,0.0,Blue|Blue Cannon,612,582,0.0,Blue|Red Caster,1207,573,93.7,Red|Blue Caster,405,651,100.0,Blue|Blue Melee,792,569,0.0,Blue",
25032,0.573,0.210,255,NONE,"Garen,964,458,100.0,Blue","Blue Cannon,620,595,0.0,Blue|Blue Caster,406,665,0.0,Blue|Blue Melee,793,582,0.0,Blue|Blue Caster,445,582,0.0,Blue|Blue Melee,777,651,0.0,Blue|Blue Caster,458,637,0.0,Blue",
25035,0.573,0.210,15,NONE,,"Blue Caster,451,582,0.0,Blue|Blue Caster,394,668,0.0,Blue|Blue Melee,786,572,0.0,Blue|Blue Caster,460,642,77.6,Blue|Blue Melee,790,645,0.0,Blue",
25038,0.573,0.210,30,NONE,,"Blue Cannon,614,586,0.0,Blue|Blue Caster,371,685,0.0,Blue|Blue Melee,793,641,0.0,Blue|Blue Caster,459,635,0.0,Blue|Red Caster,1196,573,100.0,Red",
25041,0.573,0.210,30,NONE,"Garen,1031,501,98.3,Blue","Blue Caster,372,687,0.0,Blue|Blue Caster,475,587,0.0,Blue|Blue Cannon,636,572,0.0,Blue|Blue Caster,471,635,0.0,Blue|Blue Melee,803,634,0.0,Blue|Blue Melee,775,559,0.0,Blue",
25044,0.573,0.210,30,NONE,"Garen,1051,525,85.7,Blue","Blue Caster,383,689,0.0,Blue|Blue Cannon,648,555,0.0,Blue|Blue Melee,784,570,0.0,Blue|Red Caster,1132,620,94.4,Red|Blue Melee,824,628,82.3,Blue",
25047,0.573,0.210,30,NONE,,"Blue Caster,390,687,0.0,Blue|Blue Caster,488,576,0.0,Blue|Blue Cannon,657,541,0.0,Blue",
25050,0.573,0.210,315,NONE,,"Blue Caster,394,673,77.4,Blue|Blue Cannon,657,521,0.0,Blue|Blue Melee,835,605,0.0,Blue",
25053,0.573,0.210,30,NONE,,"Blue Caster,397,654,0.0,Blue|Blue Cannon,658,498,0.0,Blue|Blue Caster,490,611,0.0,Blue|Blue Melee,839,583,0.0,Blue",
25056,0.580,0.210,30,NONE,,"Blue Cannon,661,482,0.0,Blue|Blue Caster,403,643,0.0,Blue|Blue Caster,490,607,0.0,Blue|Blue Caster,824,566,0.0,Blue",
25059,0.580,0.210,345,NONE,"Garen,958,467,87.2,Blue","Blue Cannon,679,476,0.0,Blue|Blue Caster,507,609,0.0,Blue|Blue Caster,428,636,0.0,Blue|Blue Caster,854,567,0.0,Blue|Blue Melee,854,567,0.0,Blue",
25062,0.580,0.210,255,NONE,,"Blue Cannon,700,477,0.0,Blue|Blue Caster,538,622,0.0,Blue|Blue Caster,447,639,0.0,Blue|Blue Melee,877,567,0.0,Blue|Red Caster,1043,572,0.0,Red",
25065,0.580,0.210,240,NONE,,"Blue Caster,567,629,0.0,Blue|Blue Cannon,725,481,0.0,Blue|Blue Caster,470,654,0.0,Blue|Blue Melee,892,564,86.2,Blue|Red Caster,1091,522,49.2,Red",
25068,0.580,0.210,240,NONE,"Garen,921,422,88.5,Blue","Blue Caster,594,642,0.0,Blue|Blue Caster,500,617,0.0,Blue|Blue Cannon,721,492,0.0,Blue|Blue Caster,494,676,0.0,Blue|Blue Melee,897,577,0.0,Blue",
25071,0.580,0.210,240,NONE,,"Blue Cannon,740,498,0.0,Blue|Blue Caster,522,635,0.0,Blue|Blue Caster,625,645,0.0,Blue|Blue Melee,879,607,0.0,Blue",
25074,0.580,0.210,225,NONE,"Garen,893,410,89.2,Blue","Blue Caster,555,663,0.0,Blue|Blue Caster,656,661,0.0,Blue|Blue Caster,501,742,0.0,Blue|Blue Melee,891,639,0.0,Blue|Blue Melee,983,597,0.0,Blue|Blue Caster,975,661,65.5,Blue",
25077,0.580,0.210,225,NONE,,"Blue Caster,588,683,0.0,Blue|Blue Melee,920,659,0.0,Blue|Blue Caster,696,665,0.0,Blue|Blue Caster,522,765,0.0,Blue|Blue Melee,1025,617,0.0,Blue|Blue Caster,820,518,0.0,Blue",
25080,0.580,0.210,345,NONE,"Garen,883,407,92.8,Blue","Blue Caster,732,668,0.0,Blue|Blue Caster,631,704,0.0,Blue|Blue Melee,1051,629,0.0,Blue|Blue Caster,563,779,3.2,Blue|Blue Melee,968,681,3.4,Blue|Red Caster,1160,606,0.0,Red",
25083,0.580,0.210,225,NONE,"Garen,881,418,94.9,Blue","Blue Caster,681,728,0.0,Blue|Blue Caster,623,801,0.0,Blue|Blue Melee,1096,642,0.0,Blue|Red Caster,1181,629,11.9,Red|Blue Caster,784,673,0.0,Blue|Blue Cannon,903,572,0.0,Blue",
25086,0.580,0.210,255,NONE,,"Blue Caster,738,739,0.0,Blue|Blue Cannon,960,591,0.0,Blue|Blue Caster,837,675,0.0,Blue|Blue Caster,680,820,0.0,Blue|Blue Melee,1129,665,0.0,Blue",
25089,0.580,0.210,60,NONE,"Garen,893,442,94.3,Blue","Blue Caster,795,738,0.0,Blue|Blue Melee,1140,742,76.3,Blue|Blue Cannon,991,605,0.0,Blue|Blue Melee,1171,679,0.0,Blue|Blue Caster,744,846,91.8,Blue",
25092,0.580,0.210,210,NONE,"Garen,906,447,88.8,Blue","Blue Caster,910,711,0.0,Blue|Red Caster,1298,684,0.0,Red|Blue Cannon,1034,619,0.0,Blue|Blue Caster,844,733,0.0,Blue|Blue Caster,1285,794,0.0,Blue|Blue Melee,1212,699,0.0,Blue|Blue Melee,1202,764,0.0,Blue",
25095,0.584,0.329,210,NONE,,"Blue Caster,871,878,0.0,Blue|Blue Cannon,1072,638,27.7,Blue|Blue Caster,1355,798,0.0,Blue|Blue Melee,1239,709,0.0,Blue|Blue Melee,1253,775,62.3,Blue|Blue Caster,928,725,0.0,Blue",
25098,0.563,0.315,195,NONE,"Garen,948,479,93.5,Blue","Blue Caster,908,697,0.0,Blue|Blue Cannon,1083,630,0.0,Blue|Red Caster,1353,699,0.0,Red|Blue Melee,1264,722,0.0,Blue|Blue Caster,918,886,0.0,Blue|Blue Caster,1415,791,0.0,Blue|Blue Melee,1278,781,0.0,Blue|Blue Caster,960,732,0.0,Blue",
25101,0.563,0.315,120,NONE,"Garen,972,471,94.2,Blue","Blue Caster,943,871,88.5,Blue|Blue Caster,929,683,0.0,Blue|Red Caster,1353,694,0.0,Red|Blue Melee,1267,729,0.0,Blue|Blue Caster,967,730,0.0,Blue|Blue Melee,1277,784,0.0,Blue|Blue Caster,1432,787,83.9,Blue|Blue Cannon,1082,628,0.0,Blue",
25104,0.563,0.315,30,NONE,"Garen,992,472,96.5,Red","Blue Caster,958,844,0.0,Blue|Blue Caster,911,690,0.0,Blue|Blue Melee,1263,730,0.0,Blue|Blue Cannon,1084,638,0.0,Blue|Blue Melee,1305,783,0.0,Blue|Blue Caster,965,725,3.3,Blue",
25107,0.563,0.315,30,NONE,,"Blue Caster,909,681,0.0,Blue|Blue Caster,969,823,0.0,Blue|Blue Melee,1255,721,0.0,Blue|Blue Cannon,1074,631,0.0,Blue|Red Caster,1348,700,0.0,Red|Blue Caster,955,727,0.0,Blue",
25110,0.563,0.315,30,NONE,"Garen,1032,511,79.0,Blue","Blue Caster,901,671,0.0,Blue|Blue Cannon,1062,627,100.0,Blue|Blue Caster,946,723,41.0,Blue|Blue Melee,1313,757,0.0,Blue|Blue Caster,980,800,0.0,Blue|Blue Melee,1266,699,0.0,Blue",
25113,0.563,0.315,30,NONE,"Garen,1044,514,80.3,Blue","Blue Caster,910,665,0.0,Blue|Blue Caster,969,798,0.0,Blue|Blue Caster,1409,771,0.0,Blue|Blue Caster,948,714,0.0,Blue|Blue Melee,1259,702,0.0,Blue|Blue Melee,1317,751,85.7,Blue",
25116,0.566,0.315,30,NONE,"Garen,1051,531,82.1,Blue","Blue Caster,921,653,0.0,Blue|Blue Caster,952,712,0.0,Blue|Blue Caster,977,790,0.0,Blue|Blue Cannon,1072,620,0.0,Blue|Blue Melee,1270,694,63.3,Blue|Blue Caster,1371,757,0.0,Blue",
25119,0.566,0.318,165,NONE,,"Blue Caster,917,649,0.0,Blue|Blue Melee,1272,695,0.0,Blue|Blue Caster,959,708,0.0,Blue|Blue Caster,977,785,0.0,Blue|Blue Cannon,1077,612,0.0,Blue|Blue Melee,1345,753,0.0,Blue|Blue Caster,1345,753,0.0,Blue",
25122,0.570,0.318,75,NONE,,"Blue Caster,910,635,0.0,Blue|Blue Caster,951,701,8.1,Blue|Blue Caster,946,774,0.0,Blue|Blue Melee,1264,684,0.0,Blue",
25125,0.573,0.318,345,NONE,,"Blue Caster,897,626,0.0,Blue|Blue Cannon,1063,587,68.3,Blue|Blue Caster,934,695,49.2,Blue",
25128,0.577,0.322,315,NONE,,"Blue Caster,875,624,0.0,Blue|Blue Melee,1219,667,0.0,Blue|Blue Caster,882,739,100.0,Blue|Blue Melee,1207,663,0.0,Blue",
25131,0.580,0.322,240,NONE,,"Blue Caster,840,622,0.0,Blue|Blue Caster,840,721,0.0,Blue|Blue Caster,880,697,3.0,Blue|Blue Melee,1209,693,0.0,Blue",
25134,0.584,0.322,STOPPED,NONE,,"Blue Caster,790,623,0.0,Blue|Blue Caster,823,665,0.0,Blue|Blue Melee,1128,639,0.0,Blue|Blue Caster,801,712,0.0,Blue",
25137,0.584,0.325,30,NONE,"Garen,1001,485,80.0,Blue","Blue Caster,801,663,0.0,Blue|Blue Caster,747,630,0.0,Blue|Blue Melee,1134,682,0.0,Blue|Blue Caster,763,704,44.6,Blue",
25140,0.587,0.325,15,NONE,,"Blue Caster,760,688,0.0,Blue|Blue Caster,778,655,0.0,Blue|Blue Melee,1076,619,0.0,Blue|Blue Melee,1102,691,23.3,Blue|Blue Cannon,1018,538,37.9,Blue",
25143,0.587,0.325,15,NONE,"Garen,978,482,80.8,Blue","Blue Caster,718,624,0.0,Blue|Blue Caster,769,654,0.0,Blue|Blue Melee,1070,623,0.0,Blue",
25146,0.587,0.325,0,NONE,,"Blue Caster,703,633,0.0,Blue",
25149,0.591,0.325,345,NONE,,"Blue Caster,988,532,0.0,Blue|Blue Caster,747,659,95.4,Blue|Blue Caster,697,613,0.0,Blue",
25152,0.591,0.325,0,NONE,,"Blue Caster,727,662,0.0,Blue",
25155,0.591,0.325,15,NONE,,,
25158,0.594,0.325,30,NONE,,"Blue Caster,641,602,98.4,Blue|Blue Caster,691,643,0.0,Blue",
25161,0.594,0.325,30,NONE,,"Blue Caster,633,566,0.0,Blue|Blue Cannon,916,504,0.0,Blue|Blue Caster,677,626,0.0,Blue|Blue Caster,642,669,0.0,Blue",
25164,0.598,0.329,30,NONE,,"Blue Caster,621,543,0.0,Blue|Blue Caster,662,609,0.0,Blue|Blue Caster,627,655,0.0,Blue|Blue Melee,975,564,0.0,Blue",
25167,0.598,0.329,30,NONE,,"Blue Caster,607,545,11.7,Blue|Blue Caster,645,598,3.1,Blue|Blue Cannon,886,480,0.0,Blue|Blue Caster,606,645,0.0,Blue",
25170,0.598,0.329,30,NONE,,"Blue Caster,591,561,0.0,Blue|Blue Caster,600,642,0.0,Blue|Blue Caster,641,596,0.0,Blue|Blue Melee,949,623,0.0,Blue",
25173,0.598,0.329,30,NONE,,"Blue Caster,876,466,3.2,Blue|Blue Caster,603,638,69.8,Blue|Blue Melee,945,620,59.0,Blue|Blue Caster,631,592,0.0,Blue",
25176,0.598,0.329,45,NONE,,"Blue Caster,878,466,0.0,Blue|Blue Caster,592,551,0.0,Blue|Blue Caster,604,638,62.3,Blue|Blue Caster,637,588,0.0,Blue",
25179,0.598,0.329,30,NONE,,"Blue Caster,879,466,0.0,Blue|Blue Caster,592,550,29.0,Blue|Blue Caster,600,634,0.0,Blue|Blue Caster,635,589,0.0,Blue|Blue Melee,942,618,0.0,Blue",
25182,0.598,0.329,45,NONE,,"Blue Caster,601,632,0.0,Blue","RedTower,1076,607,0.0,Blue"
25185,0.598,0.329,135,NONE,"Garen,925,494,79.0,Blue|UNKNOWN,1180,627,100.0,Red","Blue Caster,952,618,0.0,Blue|Blue Melee,881,457,0.0,Blue|Blue Caster,623,586,0.0,Blue|Blue Caster,604,636,0.0,Blue","RedTower,1075,608,0.0,Blue"
25188,0.598,0.329,135,NONE,"Garen,921,511,78.9,Blue","Blue Caster,592,558,0.0,Blue|Blue Caster,635,585,0.0,Blue|Blue Caster,949,618,0.0,Blue|Blue Caster,608,635,0.0,Blue","RedTower,1083,610,0.0,Blue"
25191,0.598,0.329,135,NONE,"Garen,908,526,84.7,Blue","Blue Caster,593,556,0.0,Blue|Blue Caster,640,585,0.0,Blue","RedTower,1079,605,0.0,Blue"
25194,0.598,0.329,135,NONE,,"Blue Caster,592,556,0.0,Blue|Blue Caster,648,582,0.0,Blue|Blue Caster,962,598,26.8,Blue",
25197,0.598,0.329,105,NONE,"UNKNOWN,1201,603,100.0,Red","Blue Caster,607,529,0.0,Blue|Blue Caster,651,573,0.0,Blue|Blue Caster,964,600,0.0,Blue|Blue Caster,628,613,45.5,Blue","RedTower,1089,576,0.0,Blue"
25200,0.598,0.210,STOPPED,NONE,,"Blue Caster,630,599,0.0,Blue|Blue Caster,623,501,0.0,Blue|Blue Caster,678,560,37.5,Blue|Blue Melee,895,448,39.3,Blue","RedTower,1099,576,0.0,Blue"
25203,0.594,0.210,STOPPED,NONE,"Garen,937,491,82.4,Blue|UNKNOWN,1223,574,100.0,Red","Blue Caster,646,587,0.0,Blue|Blue Caster,687,550,0.0,Blue|Blue Caster,654,475,95.2,Blue|Blue Melee,988,573,0.0,Blue","RedTower,1107,556,0.0,Blue"
25206,0.594,0.213,120,NONE,,"Blue Caster,686,458,0.0,Blue|Blue Caster,662,575,33.9,Blue",
25209,0.594,0.213,135,NONE,,"Blue Caster,710,443,0.0,Blue|Blue Caster,696,527,0.0,Blue|Blue Caster,666,568,0.0,Blue",
25212,0.591,0.213,135,NONE,"Garen,959,466,83.3,Blue|UNKNOWN,1244,551,100.0,Red","Blue Caster,697,526,0.0,Blue|Blue Caster,733,428,0.0,Blue|Blue Caster,662,567,0.0,Blue|Blue Melee,988,564,24.6,Blue",
25215,0.591,0.213,135,NONE,"Garen,961,470,84.7,Blue|UNKNOWN,1244,549,100.0,Red","Blue Caster,701,525,0.0,Blue|Blue Caster,756,419,0.0,Blue|Blue Caster,664,564,0.0,Blue|Blue Caster,1016,533,0.0,Blue",
25218,0.591,0.213,135,NONE,"Garen,963,461,81.7,Blue|UNKNOWN,1246,548,100.0,Red","Blue Caster,758,414,0.0,Blue|Blue Melee,703,523,0.0,Blue|Blue Caster,1019,539,0.0,Blue|Blue Caster,669,563,0.0,Blue|Blue Melee,999,556,0.0,Blue",
25221,0.591,0.213,STOPPED,NONE,"Garen,957,462,82.2,Blue|UNKNOWN,1246,548,100.0,Red","Blue Caster,763,418,0.0,Blue|Blue Melee,702,524,0.0,Blue|Blue Caster,1010,536,0.0,Blue|Blue Caster,671,563,0.0,Blue",
25224,0.591,0.213,STOPPED,NONE,"Garen,958,465,83.3,Blue","Blue Caster,763,418,0.0,Blue|Blue Caster,673,563,0.0,Blue",
25227,0.591,0.213,STOPPED,NONE,"Garen,953,457,86.3,Blue|UNKNOWN,1243,548,100.0,Red","Blue Caster,763,415,0.0,Blue|Blue Caster,699,523,0.0,Blue|Blue Melee,1000,550,0.0,Blue|Blue Caster,674,563,0.0,Blue",
25230,0.591,0.213,STOPPED,NONE,"Garen,947,456,80.2,Blue|UNKNOWN,1243,548,100.0,Red","Blue Caster,765,415,0.0,Blue|Blue Caster,1009,548,0.0,Blue|Blue Caster,671,562,0.0,Blue",
25233,0.591,0.213,STOPPED,NONE,,"Blue Caster,764,417,0.0,Blue|Blue Caster,676,562,0.0,Blue|Blue Melee,1020,536,0.0,Blue",
25236,0.591,0.213,STOPPED,NONE,"Garen,955,471,80.2,Blue|UNKNOWN,1242,548,100.0,Red","Blue Caster,765,416,0.0,Blue|Blue Caster,674,561,0.0,Blue|Blue Melee,1023,540,0.0,Blue",
25239,0.591,0.213,STOPPED,NONE,,"Blue Caster,764,416,0.0,Blue|Blue Melee,1020,547,0.0,Blue|Blue Caster,675,560,0.0,Blue",
25242,0.591,0.213,STOPPED,NONE,,"Blue Caster,765,417,0.0,Blue|Blue Caster,704,525,0.0,Blue|Blue Caster,1009,552,0.0,Blue|Blue Caster,674,560,0.0,Blue",
25245,0.591,0.213,STOPPED,NONE,,"Blue Caster,765,416,0.0,Blue|Blue Caster,704,528,0.0,Blue|Blue Caster,673,559,0.0,Blue",
25248,0.591,0.213,STOPPED,NONE,"Garen,955,467,80.8,Blue|UNKNOWN,1241,547,100.0,Red","Blue Caster,764,417,0.0,Blue|Blue Caster,705,521,0.0,Blue|Blue Caster,675,562,0.0,Blue",
25251,0.591,0.213,STOPPED,NONE,"Garen,956,477,80.2,Blue|UNKNOWN,1238,547,100.0,Red","Blue Caster,765,415,0.0,Blue|Blue Caster,707,521,0.0,Blue|Blue Caster,673,560,0.0,Blue",
25254,0.591,0.213,STOPPED,NONE,,"Blue Caster,764,418,0.0,Blue|Blue Caster,706,523,0.0,Blue|Blue Caster,671,565,0.0,Blue","RedTower,1145,526,0.0,Blue"
25257,0.591,0.213,STOPPED,NONE,,"Blue Caster,763,417,0.0,Blue|Blue Caster,704,524,0.0,Blue|Blue Caster,1085,500,0.0,Blue|Blue Caster,672,563,0.0,Blue","RedTower,1143,532,0.0,Blue"
25260,0.591,0.213,STOPPED,NONE,,"Blue Caster,763,418,0.0,Blue|Blue Caster,702,525,0.0,Blue|Blue Melee,1021,539,0.0,Blue|Blue Caster,669,563,0.0,Blue","RedTower,1144,534,0.0,Blue"
25263,0.591,0.213,STOPPED,NONE,,"Blue Caster,765,415,0.0,Blue|Blue Melee,704,523,0.0,Blue|Blue Caster,673,565,0.0,Blue|Blue Caster,1022,535,0.0,Blue","RedTower,1141,534,0.0,Blue"
25266,0.591,0.213,STOPPED,NONE,,"Blue Caster,764,413,0.0,Blue|Blue Melee,703,525,0.0,Blue|Blue Caster,1083,496,0.0,Blue|Blue Caster,673,563,0.0,Blue|Blue Caster,1024,537,0.0,Blue","RedTower,1139,535,0.0,Blue"
25269,0.591,0.213,STOPPED,NONE,,"Blue Caster,763,417,0.0,Blue|Blue Caster,1007,553,0.0,Blue|Blue Caster,672,562,0.0,Blue",
25272,0.594,0.213,15,NONE,,"Blue Caster,758,416,0.0,Blue|Blue Caster,1000,547,0.0,Blue|Blue Caster,661,565,0.0,Blue",
25275,0.594,0.213,15,NONE,"Garen,932,453,83.2,Blue|UNKNOWN,1206,544,100.0,Red","Blue Caster,681,519,0.0,Blue|Blue Caster,742,414,0.0,Blue|Blue Caster,646,560,0.0,Blue|Blue Caster,1065,482,0.0,Blue|Blue Caster,987,544,0.0,Blue",
25278,0.594,0.213,15,NONE,,"Blue Caster,728,414,0.0,Blue|Blue Caster,666,514,0.0,Blue|Blue Caster,638,556,66.7,Blue",
25281,0.598,0.213,15,NONE,"UNKNOWN,1859,650,100.0,Red|UNKNOWN,1167,536,100.0,Red","Blue Caster,716,403,0.0,Blue|Blue Caster,650,512,0.0,Blue|Blue Caster,617,550,0.0,Blue|Blue Caster,954,535,0.0,Blue",
25284,0.598,0.213,15,NONE,"Aurora,1764,558,100.0,Red|UNKNOWN,1149,531,100.0,Red|JarvanIV,945,433,96.8,Blue","Blue Caster,705,402,0.0,Blue|Blue Caster,610,548,0.0,Blue|Blue Caster,644,508,0.0,Blue","RedTower,1064,512,46.8,Blue"
25287,0.598,0.213,15,NONE,,"Blue Caster,701,400,45.3,Blue|Blue Caster,606,545,0.0,Blue|Blue Caster,640,508,0.0,Blue|Blue Melee,926,541,0.0,Blue",
25290,0.598,0.213,120,NONE,,"Blue Caster,708,386,0.0,Blue|Blue Caster,619,531,0.0,Blue|Blue Caster,1022,469,0.0,Blue|Blue Caster,644,493,0.0,Blue",
25293,0.598,0.217,120,NONE,"Garen,881,462,80.8,Blue","Blue Caster,723,365,0.0,Blue|Blue Caster,664,472,0.0,Blue|Blue Cannon,887,357,0.0,Blue|Blue Caster,634,502,0.0,Blue",
25296,0.594,0.217,135,NONE,"Garen,878,465,80.3,Blue","Blue Caster,679,448,0.0,Blue|Blue Caster,738,345,47.6,Blue|Blue Cannon,898,340,0.0,Blue|Blue Caster,643,477,0.0,Blue",
25299,0.594,0.217,135,NONE,"Garen,874,468,80.2,Blue","Blue Caster,752,328,0.0,Blue|Blue Melee,977,452,0.0,Blue|Blue Caster,693,428,0.0,Blue|Blue Caster,1060,401,0.0,Blue|Blue Caster,663,462,0.0,Blue",
25302,0.594,0.217,30,NONE,"Garen,873,465,93.5,Blue","Blue Caster,736,320,0.0,Blue|Blue Melee,968,438,0.0,Blue|Blue Caster,895,305,0.0,Blue|Blue Caster,646,455,0.0,Blue","RedTower,1093,420,0.0,Blue"
25305,0.598,0.217,315,NONE,"Garen,871,458,82.4,Blue","Blue Caster,673,419,0.0,Blue|Blue Caster,735,316,0.0,Blue|Blue Melee,972,445,100.0,Blue|Blue Caster,644,452,0.0,Blue",
25308,0.598,0.217,285,NONE,,"Blue Caster,673,421,0.0,Blue|Blue Melee,964,451,0.0,Blue|Blue Caster,732,317,0.0,Blue|Blue Cannon,893,312,0.0,Blue|Blue Caster,647,454,0.0,Blue","RedTower,1096,427,0.0,Blue"
25311,0.594,0.217,240,NONE,"Garen,874,467,78.6,Blue","Blue Caster,734,318,0.0,Blue|Blue Caster,649,463,0.0,Blue|Blue Cannon,894,316,14.5,Blue",
25314,0.594,0.217,180,NONE,"Garen,876,474,80.5,Blue|UNKNOWN,1185,434,100.0,Red","Blue Caster,745,321,0.0,Blue|Blue Melee,976,451,0.0,Blue|Blue Caster,664,463,76.9,Blue|Blue Cannon,898,317,40.3,Blue",
25317,0.594,0.217,180,NONE,"Garen,872,470,79.4,Blue","Blue Caster,770,326,0.0,Blue|Blue Melee,1002,452,0.0,Blue|Blue Melee,712,426,0.0,Blue","RedTower,1128,429,0.0,Blue"
25320,0.591,0.217,180,NONE,"Garen,874,476,79.8,Blue","Blue Caster,794,329,0.0,Blue|Blue Melee,1025,453,0.0,Blue|Blue Cannon,947,322,0.0,Blue|Blue Caster,720,461,0.0,Blue",
25323,0.587,0.217,180,NONE,,"Blue Caster,804,332,0.0,Blue|Blue Melee,1037,454,60.6,Blue|Blue Caster,723,462,0.0,Blue|Blue Melee,754,437,0.0,Blue",
25326,0.591,0.217,345,NONE,"Garen,889,481,80.8,Blue","Blue Melee,1032,455,0.0,Blue|Blue Caster,800,334,0.0,Blue|Blue Caster,716,464,0.0,Blue",
25329,0.591,0.217,0,NONE,,"Blue Caster,784,330,0.0,Blue|Blue Caster,701,464,0.0,Blue|Blue Melee,1027,456,0.0,Blue|Blue Cannon,940,328,0.0,Blue|Blue Caster,729,426,0.0,Blue",
25332,0.594,0.217,0,NONE,,"Blue Caster,769,331,0.0,Blue|Blue Caster,713,428,0.0,Blue|Blue Caster,681,458,0.0,Blue|Blue Melee,1005,449,0.0,Blue|Blue Cannon,927,319,0.0,Blue",
25335,0.594,0.217,0,NONE,"UNKNOWN,1192,434,100.0,Red|UNKNOWN,1175,490,100.0,Red","Blue Caster,750,328,0.0,Blue|Blue Caster,693,422,0.0,Blue|Blue Caster,666,458,0.0,Blue|Blue Cannon,909,312,52.0,Blue",
25338,0.594,0.217,15,NONE,"UNKNOWN,1174,491,100.0,Red|UNKNOWN,1196,433,100.0,Red","Blue Caster,748,328,0.0,Blue|Blue Caster,693,424,0.0,Blue|Blue Caster,664,460,66.2,Blue",
25341,0.594,0.217,STOPPED,NONE,,"Blue Caster,750,327,0.0,Blue|Blue Caster,692,425,0.0,Blue|Blue Cannon,906,316,0.0,Blue|Blue Caster,663,460,0.0,Blue",
25344,0.594,0.217,180,NONE,"Garen,916,497,79.2,Blue|UNKNOWN,1146,487,100.0,Red|UNKNOWN,1200,434,100.0,Red","Blue Caster,755,329,0.0,Blue|Blue Melee,909,318,0.0,Blue|Blue Caster,666,460,0.0,Blue",
25347,0.594,0.217,195,NONE,"UNKNOWN,1120,479,100.0,Red","Blue Caster,759,335,0.0,Blue|Blue Caster,698,428,0.0,Blue|Blue Caster,670,462,17.5,Blue",
25350,0.594,0.217,270,NONE,,"Blue Caster,698,443,0.0,Blue|Blue Caster,765,341,0.0,Blue|Blue Caster,1077,418,100.0,Blue|Blue Caster,675,479,0.0,Blue|Blue Melee,919,337,0.0,Blue",
25353,0.594,0.217,270,NONE,"Garen,935,485,76.0,Blue|UNKNOWN,1064,516,100.0,Red","Blue Caster,674,487,0.0,Blue|Blue Caster,762,360,0.0,Blue|Blue Melee,928,344,100.0,Blue",
25356,0.594,0.213,90,NONE,"Garen,934,486,76.2,Blue|UNKNOWN,1064,535,100.0,Red","Blue Caster,1082,446,100.0,Blue|Blue Melee,971,518,0.0,Blue",
25359,0.594,0.213,STOPPED,NONE,,"Blue Caster,759,390,93.4,Blue|Blue Caster,1076,471,0.0,Blue",
25362,0.594,0.213,135,NONE,,"Blue Caster,748,414,0.0,Blue",
25365,0.594,0.213,STOPPED,NONE,,"Blue Caster,748,409,0.0,Blue|Blue Caster,653,556,100.0,Blue",
25368,0.594,0.213,STOPPED,NONE,,"Blue Caster,749,408,0.0,Blue|Blue Caster,655,553,0.0,Blue",
25371,0.594,0.213,STOPPED,NONE,,"Blue Caster,749,409,0.0,Blue|Blue Caster,685,514,0.0,Blue|Blue Caster,656,553,0.0,Blue",
25374,0.594,0.213,STOPPED,NONE,,"Blue Caster,749,409,0.0,Blue|Blue Melee,996,551,0.0,Blue|Blue Caster,653,552,0.0,Blue",
25377,0.594,0.213,STOPPED,NONE,,"Blue Caster,745,408,0.0,Blue|Blue Caster,656,553,100.0,Blue|Blue Caster,682,520,0.0,Blue",
25380,0.594,0.213,120,NONE,,"Blue Caster,679,527,16.4,Blue|Blue Caster,640,555,0.0,Blue",
25383,0.598,0.213,0,NONE,,,
25386,0.598,0.213,0,NONE,,"Blue Caster,645,515,0.0,Blue|Blue Caster,609,551,0.0,Blue",
25389,0.598,0.213,150,NONE,,"Blue Caster,638,521,0.0,Blue|Blue Caster,600,558,0.0,Blue",
25392,0.598,0.213,150,NONE,,"Blue Caster,688,414,0.0,Blue|Blue Caster,626,523,0.0,Blue|Blue Caster,595,559,0.0,Blue","RedTower,1052,517,0.0,Blue"
25395,0.601,0.213,135,NONE,,"Blue Caster,586,569,0.0,Blue",
25398,0.601,0.213,165,NONE,,"Blue Caster,671,423,0.0,Blue|Blue Caster,572,567,0.0,Blue",
25401,0.601,0.213,165,NONE,,"Blue Caster,662,428,0.0,Blue|Blue Caster,562,572,0.0,Blue|Blue Caster,597,536,0.0,Blue",
25404,0.601,0.210,150,NONE,,"Blue Caster,654,430,0.0,Blue|Blue Caster,585,545,0.0,Blue|Blue Caster,552,582,0.0,Blue",
25407,0.601,0.210,150,NONE,,"Blue Caster,643,441,0.0,Blue",
25410,0.605,0.210,330,NONE,,"Blue Caster,634,446,0.0,Blue|Blue Melee,568,558,0.0,Blue",
25413,0.605,0.210,180,NONE,,"Blue Caster,624,448,0.0,Blue|Blue Cannon,785,451,0.0,Blue",
25416,0.605,0.210,STOPPED,NONE,,"Blue Caster,609,446,0.0,Blue|Blue Cannon,778,449,0.0,Blue|Blue Caster,506,596,0.0,Blue",
25419,0.608,0.210,STOPPED,NONE,,"Blue Caster,594,445,0.0,Blue|Blue Cannon,769,441,0.0,Blue|Blue Cannon,974,476,0.0,Blue",
25422,0.608,0.210,30,NONE,,"Blue Caster,581,441,0.0,Blue","RedTower,930,559,0.0,Red"
25425,0.612,0.213,STOPPED,NONE,,"Blue Caster,567,426,25.8,Blue|Blue Melee,739,425,0.0,Blue",
25428,0.608,0.213,345,NONE,,"Blue Caster,584,429,0.0,Blue",
25431,0.605,0.210,195,NONE,,"Blue Caster,606,433,0.0,Blue|Blue Cannon,766,426,0.0,Blue|Blue Caster,504,577,0.0,Blue",
25434,0.605,0.210,STOPPED,NONE,,,
25437,0.605,0.210,165,NONE,,"Blue Caster,640,445,0.0,Blue|Blue Caster,575,559,0.0,Blue|Blue Caster,539,595,0.0,Blue",
25440,0.605,0.210,0,NONE,,"Blue Cannon,778,444,0.0,Blue",
25443,0.608,0.210,75,NONE,,"Blue Caster,578,438,0.0,Blue",
25446,0.612,0.213,60,NONE,,"Blue Caster,549,426,0.0,Blue|Blue Cannon,727,430,0.0,Blue|Blue Caster,436,568,0.0,Blue",
25449,0.615,0.213,STOPPED,NONE,,"Blue Caster,529,419,0.0,Blue",
25452,0.615,0.213,STOPPED,NONE,,"Blue Caster,507,414,0.0,Blue|Blue Caster,402,560,36.7,Blue",
25455,0.619,0.213,0,NONE,,"Blue Caster,482,402,0.0,Blue|Blue Caster,373,547,0.0,Blue|Blue Cannon,644,401,0.0,Blue",
25458,0.622,0.213,STOPPED,NONE,,"Blue Caster,462,393,0.0,Blue|Blue Caster,352,539,0.0,Blue",
25461,0.622,0.213,STOPPED,NONE,,"Blue Caster,440,388,0.0,Blue|Blue Caster,326,525,0.0,Blue",
25464,0.622,0.213,15,NONE,,"Blue Caster,439,387,0.0,Blue|Blue Caster,325,524,0.0,Blue|Blue Cannon,601,376,0.0,Blue",
25467,0.622,0.213,STOPPED,NONE,,"Blue Caster,461,398,0.0,Blue",
25470,0.619,0.213,240,NONE,"UNKNOWN,858,509,100.0,Red","Blue Caster,482,418,0.0,Blue|Blue Caster,368,560,0.0,Blue",
25473,0.615,0.213,165,NONE,"UNKNOWN,759,559,100.0,Red","Blue Caster,502,429,0.0,Blue|Blue Cannon,676,429,0.0,Blue",
25476,0.615,0.210,240,NONE,"Garen,968,467,0.0,Red|UNKNOWN,796,576,100.0,Red","Blue Cannon,692,439,0.0,Blue",
25479,0.612,0.210,STOPPED,"RedTower,875,767",,"Blue Caster,541,457,0.0,Blue|Blue Cannon,714,457,0.0,Blue","RedTower,875,587,41.6,Red"
25482,0.612,0.210,240,NONE,,"Blue Caster,558,471,0.0,Blue|Blue Caster,447,621,100.0,Blue",
25485,0.608,0.210,STOPPED,NONE,,"Blue Caster,583,482,0.0,Blue|Blue Caster,470,640,0.0,Blue",
25488,0.608,0.210,225,NONE,,"Blue Caster,606,498,0.0,Blue|Blue Cannon,782,496,4.8,Blue",
25491,0.608,0.210,195,NONE,,"Blue Caster,634,503,0.0,Blue|Blue Cannon,802,503,0.0,Blue",
25494,0.601,0.210,150,NONE,,"Blue Caster,642,480,0.0,Blue|Blue Cannon,818,478,0.0,Blue|Blue Caster,534,640,0.0,Blue",
25497,0.601,0.210,STOPPED,"RedTower,1004,791",,"Blue Caster,646,480,0.0,Blue|Blue Cannon,823,482,0.0,Blue","RedTower,1004,619,53.0,Red"
25500,0.601,0.210,0,NONE,,"Blue Caster,646,476,0.0,Blue|Blue Cannon,822,482,0.0,Blue",
